sqft,bedrooms,bathrooms,age_years,garage,neighbourhood,distance_cbd,price_usd
1921.9,4,3,9,1,A,6.02,330301.01
1384.0,1,1,59,1,B,1.57,158156.44
2100.2,2,1,35,0,C,6.21,193391.67
2176.2,3,2,13,1,B,13.05,261445.75
1019.6,5,2,48,1,B,9.78,145702.97
1279.1,3,2,49,1,B,1.0,162351.47
1851.1,3,1,58,1,B,1.0,232277.94
1673.5,1,1,9,1,C,8.68,167128.02
1793.3,4,3,38,0,B,7.73,238477.36
1458.8,2,1,58,0,C,5.59,116510.36
2151.8,1,1,48,0,B,2.21,257307.95
2111.1,5,3,13,0,B,1.0,309302.55
1826.4,1,1,53,1,B,12.34,191695.78
2250.9,1,1,25,1,B,7.56,259392.71
1987.0,1,1,29,1,C,11.76,168301.89
1456.3,3,2,33,1,B,10.78,188420.23
1947.5,1,1,46,1,A,5.77,265228.48
1416.4,5,2,7,0,B,4.1,220265.75
2151.4,3,2,32,1,B,1.0,282370.38
1780.0,2,1,49,1,C,5.03,163021.33
1726.1,1,1,32,1,A,5.09,253077.49
1527.6,3,2,16,1,A,2.18,257081.44
2289.0,1,1,3,0,B,16.46,253349.45
1738.2,5,3,32,1,A,8.72,304032.64
1628.7,2,1,42,0,C,1.12,155727.61
1659.1,3,1,32,1,B,21.22,185870.43
2012.9,1,1,58,0,B,6.89,213813.39
1946.2,1,1,36,0,A,2.58,251130.62
1965.1,2,1,30,0,B,23.36,199010.48
1972.3,1,1,3,1,C,5.0,204148.72
2656.7,4,3,33,1,B,14.61,344011.25
1637.4,5,3,10,1,A,7.96,300750.3
1595.1,5,3,43,1,A,2.12,280792.93
1474.5,2,1,9,0,C,10.03,149020.75
2046.4,4,2,54,1,C,2.61,213353.15
2251.6,3,1,18,0,A,3.16,343118.08
1754.4,1,1,26,0,B,4.13,199159.91
1463.9,1,1,8,1,A,3.82,235059.0
1470.2,3,2,12,0,B,7.36,185947.34
2060.2,3,2,55,0,A,12.01,292121.92
2097.3,1,1,17,1,C,4.53,229870.39
2017.3,5,2,30,1,C,5.65,233350.34
1533.8,4,2,58,0,A,1.0,249479.61
1892.9,3,2,37,1,B,5.97,230319.29
1846.7,5,4,2,1,A,1.73,336350.5
1887.5,5,4,21,0,B,3.16,266453.11
2148.6,5,4,23,0,A,3.42,359808.56
1889.4,2,1,16,1,A,6.18,288863.99
2071.6,5,4,14,1,C,10.84,219501.72
1827.0,3,2,30,1,A,5.02,303363.56
1915.6,4,2,22,1,C,1.0,240644.17
2052.5,5,2,17,0,A,21.56,306420.72
1217.1,1,1,24,1,B,1.95,169013.05
1672.1,3,2,20,1,B,4.81,232299.08
1611.9,1,1,13,0,C,24.23,112741.28
1544.4,2,2,27,1,A,21.32,204958.94
1689.9,3,1,56,0,A,6.8,249296.0
2398.0,5,4,30,1,B,9.76,324717.46
1453.7,5,4,35,1,B,14.85,197698.96
2187.3,2,1,59,1,B,2.85,274352.89
1126.9,2,1,36,1,A,9.77,172165.2
1666.0,3,2,13,1,A,2.7,275949.55
1865.1,5,3,23,0,C,10.82,193916.5
2034.5,5,2,29,1,B,4.02,281586.45
2084.5,2,2,28,1,B,2.58,272675.1
2117.3,1,1,8,0,A,14.01,293112.91
1660.5,4,2,6,1,A,1.43,292449.14
1615.1,2,1,20,1,C,8.54,173076.91
2143.2,1,1,54,1,B,1.0,257199.35
1723.5,1,1,43,1,A,4.95,267358.74
1289.7,3,2,50,1,C,15.93,120715.7
1346.7,2,1,10,1,B,13.01,165609.2
1432.2,3,2,24,0,B,5.88,187843.67
1998.9,2,1,34,1,B,3.46,248568.85
1857.0,4,2,26,0,B,2.04,229796.24
2076.2,4,2,25,0,B,1.3,273645.5
1629.1,3,2,21,1,B,1.0,229428.94
1863.4,1,1,3,1,B,2.86,228462.5
2050.2,3,2,51,1,A,1.31,319553.7
1676.3,4,2,55,0,C,10.64,134819.25
1982.7,2,1,4,1,B,1.0,266448.34
1535.2,2,1,24,0,B,13.28,169110.51
1654.8,3,1,31,0,B,1.96,209124.8
1647.3,2,1,47,1,B,15.49,175081.17
1321.7,3,2,59,0,B,9.75,142750.42
1994.8,2,1,24,1,B,1.65,252234.21
1612.2,2,2,44,1,C,8.29,156818.42
1805.0,4,2,56,1,C,32.0,145857.37
1992.3,3,1,49,1,C,4.28,191009.92
1978.6,3,2,17,1,A,3.16,328605.87
2066.2,4,3,49,0,B,9.83,253396.08
1760.6,2,1,24,1,B,11.51,210588.61
1630.7,1,1,1,0,A,6.07,259449.56
1768.1,5,4,45,0,B,1.0,246266.5
1125.1,1,1,50,1,B,1.0,133215.6
1221.2,3,2,20,0,A,21.92,147823.64
1270.9,2,1,27,0,A,6.55,166591.23
1401.1,2,2,21,0,A,2.87,220326.66
1959.9,1,1,7,1,B,6.77,239277.39
1437.8,5,4,59,1,B,6.21,199944.54
1648.7,3,2,1,1,B,1.0,238965.78
2319.7,2,1,33,1,A,1.0,345186.11
1657.5,4,3,0,1,A,3.56,287020.92
2095.0,1,1,41,1,C,33.23,149329.65
1426.6,3,1,54,1,A,3.29,226658.08
1717.8,3,1,38,1,B,7.9,217317.42
1420.0,3,2,36,1,B,1.0,215004.69
1664.4,1,1,49,1,B,3.44,203865.6
2136.1,5,2,58,1,C,3.49,233528.88
1109.1,2,1,51,1,B,9.61,143203.01
1973.8,4,2,13,0,C,2.64,212686.17
1895.1,4,2,33,1,C,20.01,182941.53
1562.3,2,1,49,0,A,1.02,218213.57
1221.6,1,1,17,0,A,16.41,157366.19
1828.9,2,1,40,1,B,1.01,233462.39
1588.2,5,4,1,1,B,15.67,227265.24
1893.1,5,4,52,1,B,5.09,271869.74
1808.7,5,2,36,1,A,37.52,218656.16
2440.7,2,1,44,1,A,1.0,371197.18
1704.3,4,3,49,1,B,7.73,230680.27
1390.6,1,1,13,1,B,28.44,129595.94
1871.7,4,2,27,1,B,6.49,260779.44
1888.0,3,1,51,1,C,22.39,145345.08
2343.7,4,2,9,1,A,1.2,399232.89
2134.0,4,3,49,1,B,3.13,282694.09
1942.7,5,4,17,1,C,2.8,263851.88
2385.3,3,2,34,1,B,6.06,307681.25
1324.5,2,1,30,1,B,4.01,165953.99
1544.1,3,2,41,1,B,1.0,198008.91
1429.4,1,1,50,1,A,8.18,202851.5
1644.1,1,1,20,1,C,3.51,163111.06
1249.3,3,2,10,1,B,23.6,138803.5
2054.1,5,3,25,1,B,2.57,302215.98
1711.1,3,1,36,1,B,11.17,215498.01
1211.7,4,2,45,1,B,6.11,174020.05
1393.8,1,1,45,0,A,17.6,147265.16
1925.4,3,2,20,1,B,1.94,267752.19
2135.3,4,2,56,1,B,1.0,285550.45
2598.7,2,1,4,1,A,1.29,415284.72
2965.5,1,1,7,0,B,1.0,367614.25
1965.8,1,1,1,1,C,8.34,208306.88
1404.2,5,3,55,1,B,2.97,205618.97
947.2,4,3,10,1,B,13.5,135495.13
1907.1,2,1,36,1,B,6.0,233404.15
1474.8,2,1,48,1,C,21.61,124148.66
1633.9,1,1,46,1,B,3.32,176557.46
1555.2,5,2,56,0,C,2.0,145885.38
1743.7,1,1,3,0,A,9.75,250674.98
2226.4,4,3,24,1,C,1.0,267334.87
1862.8,2,1,30,0,C,27.51,126955.29
1736.5,2,1,41,1,B,1.0,222890.12
1385.7,2,1,37,1,B,6.77,166248.08
1130.1,5,2,33,0,A,8.28,180462.59
1605.5,1,1,18,1,B,13.77,187174.75
1778.5,2,2,6,1,A,2.85,281934.54
2507.2,2,1,25,1,A,4.92,366356.74
1852.1,2,2,15,1,C,2.2,198064.73
2193.1,1,1,33,1,A,1.0,325752.04
1600.3,5,3,47,0,B,11.18,189906.34
1326.0,2,2,33,0,B,8.99,158529.86
1414.0,3,2,34,1,B,20.21,157076.79
1509.9,2,1,2,1,B,2.73,206518.37
2651.4,5,2,38,1,B,1.85,363291.37
1471.4,2,1,26,0,B,1.84,179600.4
2135.4,2,1,7,1,C,1.0,237772.75
1438.8,2,1,12,0,B,8.37,161590.99
2172.6,2,1,46,1,C,1.0,203398.54
1954.0,1,1,55,1,B,3.86,224165.57
1737.3,4,3,30,1,B,4.87,246350.07
1783.7,1,1,58,0,A,5.63,211737.66
1538.1,2,1,10,0,A,26.81,162453.28
1978.4,2,1,17,1,C,1.0,212152.15
1618.0,2,1,55,1,B,1.56,191957.11
1309.8,4,2,10,0,B,10.5,158639.5
1288.8,3,2,39,1,C,12.52,136946.26
1869.0,5,3,13,1,B,15.44,250588.34
2431.6,2,1,19,0,B,10.8,293192.62
1864.0,5,4,28,1,B,2.81,279346.12
1752.5,1,1,21,0,C,9.88,157379.09
1914.3,3,1,52,1,A,14.98,259199.57
2322.4,4,3,58,0,A,12.56,299330.92
1887.8,3,2,30,1,B,1.06,247047.62
1635.6,5,2,31,1,A,2.07,288712.14
2242.5,2,1,3,1,C,1.32,244416.89
1971.5,1,1,14,1,B,15.23,209222.85
2414.3,4,2,2,1,A,6.06,399788.92
1873.3,1,1,51,1,A,3.06,254188.53
1310.2,4,2,13,1,C,1.44,166224.22
1252.7,4,2,20,0,B,1.0,180134.35
2460.4,5,2,50,1,C,10.01,259615.17
2489.5,3,1,42,0,A,1.0,376351.37
1728.2,5,4,37,1,C,6.94,204596.29
1646.7,1,1,2,1,B,2.35,228507.37
2384.6,3,2,33,1,B,1.19,312767.13
1357.2,1,1,33,1,B,1.0,200592.98
1442.1,4,3,19,1,A,3.59,249851.13
2057.3,4,3,44,0,C,4.31,205326.92
1642.2,5,4,55,0,C,19.31,161761.45
1798.0,4,2,15,1,B,3.59,265601.17
1734.6,2,1,19,0,C,1.3,178523.66
1935.0,1,1,19,0,A,7.56,271445.47
2363.0,5,3,50,1,A,1.0,371035.38
1836.2,3,2,4,1,A,23.34,280694.23
2057.6,1,1,53,1,B,16.6,213173.28
979.9,5,3,46,1,A,10.53,184697.14
1780.5,5,4,29,1,B,19.9,214032.39
1462.7,3,2,35,0,A,4.85,221345.95
1312.5,4,2,53,1,B,14.19,153982.64
1448.7,1,1,46,1,C,5.18,140513.57
1666.4,1,1,16,1,B,40.0,143132.78
2166.4,2,1,3,1,A,6.09,342407.33
1269.4,4,2,39,1,B,6.83,165576.11
1812.3,1,1,8,0,A,5.92,256979.83
1606.3,1,1,5,1,B,7.79,200871.34
1668.9,4,2,58,0,B,28.87,160479.2
2201.1,4,2,28,1,B,1.13,314762.32
2015.2,4,3,39,0,A,1.56,320966.93
2335.0,4,2,13,0,C,5.85,230433.8
1738.2,5,3,6,1,C,6.15,211699.57
1521.6,4,2,3,1,B,3.6,257014.58
1710.5,3,1,21,1,C,1.03,205809.89
1897.0,5,2,0,0,C,12.15,172929.18
1870.6,2,1,25,1,A,2.25,292792.99
1366.2,1,1,19,0,B,12.76,151256.39
1836.2,4,2,31,0,B,35.31,174405.41
1891.3,2,2,35,1,B,20.01,205842.47
2807.0,5,3,18,0,A,1.82,452369.62
2550.7,3,2,27,1,C,2.33,275069.53
1458.7,5,3,4,0,B,3.14,210281.83
1685.0,1,1,18,0,A,10.79,233440.96
1214.6,4,3,58,1,B,12.46,153281.71
1563.7,3,2,59,0,B,1.0,180795.82
1926.2,3,2,29,1,B,4.3,268284.81
2282.3,2,1,56,1,C,17.19,182554.6
1508.4,5,2,30,0,B,6.98,196483.09
1538.3,2,1,7,1,B,7.1,197189.88
941.1,5,2,52,1,B,2.27,168838.05
1734.9,3,2,24,1,B,4.22,229907.44
1375.0,1,1,36,0,B,9.55,119363.53
1588.2,5,2,38,1,A,10.37,253191.88
1449.3,1,1,18,1,A,16.08,197453.36
1762.3,2,1,44,1,B,1.0,231316.24
1096.9,5,3,30,1,C,8.27,158840.16
1213.2,5,2,21,1,B,6.66,200832.63
2651.7,5,3,17,1,A,1.18,454687.64
1285.0,3,2,44,1,B,5.57,161147.28
1361.3,4,3,14,1,C,5.62,181932.23
2534.8,2,1,7,1,B,1.04,330897.8
2962.0,4,2,52,1,A,3.26,449320.6
1331.4,3,2,19,0,B,20.58,138939.27
1652.7,1,1,38,1,B,17.05,160708.66
1936.6,3,2,42,1,B,11.85,232048.27
2491.5,3,2,50,1,A,3.25,377437.8
1405.3,2,1,37,1,A,5.07,218502.99
1701.9,2,1,42,1,B,25.97,163413.15
2110.9,3,2,50,0,B,19.5,210644.07
1973.9,1,1,56,1,B,14.04,192744.06
1649.5,1,1,2,1,A,3.4,263865.63
1746.5,4,3,44,0,B,1.53,232236.62
1250.0,2,1,10,1,B,1.32,172816.73
1704.7,4,2,53,0,A,1.0,257006.63
1693.4,3,1,2,1,B,6.05,237997.52
1892.9,3,1,14,1,B,7.09,263870.34
1577.9,3,2,11,1,B,22.1,180847.62
1988.6,3,1,36,1,C,7.51,200577.78
2205.1,5,4,0,0,C,1.91,266207.8
1862.2,5,4,1,1,B,12.16,265880.46
1940.7,2,1,30,1,A,2.07,299544.78
1821.3,4,3,58,0,B,17.37,201439.16
1800.0,5,3,31,1,A,1.0,309091.91
1511.4,1,1,26,1,B,2.36,193328.04
1926.6,4,3,39,1,C,32.23,167701.4
1761.1,3,1,33,1,C,3.4,191173.85
2637.3,5,2,23,1,B,1.0,356103.21
2429.3,3,2,35,1,B,2.94,317232.47
1954.3,5,2,0,0,A,3.73,346296.06
1494.8,1,1,14,1,B,2.17,216798.31
1355.0,1,1,40,1,A,10.01,193503.99
2276.5,5,4,20,0,C,6.14,236949.49
1905.1,3,2,3,1,C,8.91,211143.68
1992.1,3,2,7,0,A,8.54,298129.4
1102.2,1,1,51,1,B,1.0,135598.88
2171.0,2,1,19,1,B,1.82,275647.97
1981.8,5,3,1,1,C,16.08,202983.77
1355.8,2,1,43,0,B,17.25,124255.12
1611.4,3,2,31,1,A,5.37,266583.84
1905.5,2,1,27,1,B,3.81,246416.03
1821.0,2,1,53,1,A,4.27,267414.63
1683.1,1,1,18,1,B,4.32,214500.48
1758.6,5,3,34,1,A,19.86,273209.89
1699.2,5,3,44,1,B,1.0,255200.2
1861.0,1,1,36,1,C,7.15,172463.75
2388.6,2,2,12,1,A,3.31,378841.57
773.3,3,2,40,0,B,16.67,90890.01
1705.3,2,1,44,1,B,9.69,200678.52
1870.6,4,2,7,1,A,4.73,322652.09
1918.4,2,1,9,1,B,10.04,242652.58
1651.2,1,1,40,1,B,31.38,141200.71
1097.3,2,1,7,1,B,3.02,153779.18
1931.2,3,2,52,1,C,8.5,192281.17
2490.9,1,1,6,1,B,21.66,275539.02
1186.5,5,4,58,1,B,12.82,161274.66
2145.5,1,1,40,1,A,1.0,308251.35
1668.6,1,1,26,1,A,12.19,230109.09
1775.5,3,2,16,1,A,8.02,291457.72
1378.8,3,1,20,1,C,16.09,131702.16
1666.2,2,1,44,1,C,4.95,143153.24
2320.0,2,1,45,1,C,5.39,230799.39
2033.1,1,1,12,1,A,12.65,289992.98
2492.9,4,2,32,1,B,2.98,324265.84
2271.0,2,1,59,1,B,6.7,273344.42
1975.6,1,1,15,1,B,17.53,208532.45
2497.6,2,1,41,1,A,1.0,386304.7
1975.6,5,3,10,1,C,8.47,227538.76
2131.2,2,1,50,1,A,30.01,225383.15
1681.4,5,3,10,1,A,6.4,306539.57
1826.6,2,1,17,1,C,11.64,174675.18
1521.0,1,1,27,1,B,24.32,142821.83
2195.8,2,1,22,0,B,3.17,259790.42
1328.7,2,1,10,1,B,1.0,187169.27
2112.9,1,1,38,1,C,1.0,203590.37
1723.7,3,2,1,1,A,2.73,281295.24
2268.5,2,1,59,0,B,34.16,208121.08
2100.3,4,2,3,1,B,3.16,298777.21
2528.3,3,2,20,1,A,22.87,348673.5
2092.3,3,2,55,1,B,3.04,255216.9
1171.2,3,1,9,0,B,11.41,149937.89
1773.2,1,1,4,1,A,1.0,271159.18
1331.2,4,2,44,1,B,6.59,182909.28
1592.7,1,1,4,1,B,4.93,201424.63
2404.5,4,2,53,0,B,1.0,296784.77
2055.0,5,2,27,1,B,14.21,258641.23
1520.4,4,3,52,1,C,6.19,158649.16
1394.5,3,2,14,1,B,1.78,205870.03
1813.1,2,2,8,1,B,8.18,240574.42
1313.4,5,3,57,1,B,10.09,171072.8
1531.5,2,1,45,1,B,2.06,192254.81
1924.8,3,2,54,1,A,1.53,308773.0
2262.1,4,2,19,1,B,8.01,286307.52
2043.5,5,2,24,0,A,14.99,303829.16
883.5,5,3,34,1,B,13.46,122581.41
1921.7,1,1,26,1,C,4.95,178046.78
1828.8,5,4,14,0,B,5.47,264133.54
1965.6,1,1,22,1,B,6.97,233470.99
2446.5,3,2,36,0,B,1.0,295410.03
974.7,5,2,2,0,B,9.94,159319.15
1563.6,4,3,20,1,B,9.41,230006.75
2036.4,5,4,17,1,B,21.37,248793.94
1167.4,2,1,4,0,B,40.0,64339.19
2390.4,2,1,7,1,A,3.26,381321.6
1947.3,2,2,29,1,B,2.79,251762.3
2138.6,2,1,6,1,B,4.29,296055.02
1571.6,4,2,20,0,B,1.77,223208.62
2125.5,3,2,33,1,C,1.53,230599.6
2227.4,4,3,52,1,B,5.27,282526.07
1893.2,3,1,5,0,B,14.11,230367.9
1893.8,2,1,26,0,A,13.59,236917.66
1908.1,1,1,6,0,B,3.16,245718.33
1454.7,3,2,25,1,C,1.0,171468.93
1741.0,5,4,28,0,C,1.0,194086.59
1739.0,5,4,47,1,C,1.57,213674.2
1953.4,2,1,26,1,A,8.76,310285.18
2199.9,3,2,56,0,B,3.35,261119.65
1376.6,4,2,8,1,C,17.17,152580.74
1750.0,4,2,3,0,B,6.94,232308.82
2392.6,1,1,0,0,B,1.11,298746.78
1502.6,3,1,21,1,B,1.0,196735.42
1471.1,1,1,11,1,B,7.58,183864.05
1880.9,1,1,5,1,A,1.0,299488.61
2137.8,4,2,14,1,A,3.98,376283.4
1804.6,1,1,58,0,C,2.45,138573.1
2331.6,2,1,48,1,C,4.63,223219.62
2142.7,3,2,1,0,C,5.11,237210.7
2136.7,4,2,54,1,B,10.45,263093.53
2021.6,3,2,12,1,A,2.06,336068.16
2731.1,1,1,24,1,A,29.73,332794.21
1717.9,4,2,19,1,C,11.42,175323.2
998.6,5,3,24,1,B,3.58,152408.89
2441.7,5,3,45,1,C,1.0,264511.22
1616.9,4,2,42,0,B,3.16,198816.4
1843.2,3,2,35,0,B,9.81,219242.7
2323.8,5,2,37,0,B,2.26,297963.07
1159.1,3,2,43,1,A,1.61,191245.74
1299.3,1,1,11,1,C,13.31,116914.16
1159.5,5,4,23,0,B,11.93,163304.75
1482.3,2,1,6,1,A,22.61,193516.2
1975.9,5,3,42,1,A,1.8,328385.39
2009.7,2,2,26,0,C,10.22,187830.38
1910.5,5,2,38,1,B,2.1,281741.18
1234.9,3,1,33,1,B,17.46,142043.18
876.0,3,2,16,1,B,19.94,100134.59
1821.7,2,1,8,1,B,9.07,231236.1
1611.3,5,3,58,1,B,1.0,211848.42
1983.8,1,1,17,1,C,6.37,194453.58
2080.8,3,2,6,1,A,1.0,348428.99
1855.3,2,1,18,1,B,1.0,238300.99
2104.1,3,1,54,1,B,1.56,258840.33
1891.7,2,1,15,1,B,12.63,226133.16
2012.0,4,2,59,1,B,4.6,269667.61
1518.1,2,2,27,0,C,23.07,129756.81
1728.2,1,1,51,0,A,8.67,203768.1
1878.7,1,1,39,1,B,2.38,224007.48
2128.2,4,3,2,1,B,13.38,284708.13
1642.5,2,1,30,1,A,1.75,265610.89
2008.5,2,1,25,1,B,1.37,263229.57
1693.7,4,3,12,1,C,2.94,203612.54
1753.0,2,1,32,1,A,17.68,239364.98
2131.8,2,1,6,1,A,40.0,244616.16
1002.8,2,1,41,1,C,1.0,120705.35
1281.4,2,2,49,1,A,7.24,186918.79
1207.1,4,3,5,1,A,3.53,228191.7
866.6,3,2,28,1,C,15.33,84362.26
1528.7,5,4,39,1,C,11.34,185336.14
2099.8,4,2,3,1,B,1.0,301221.41
1686.0,1,1,23,1,B,3.6,221128.96
1879.1,2,1,15,0,C,1.0,183341.68
2235.7,2,1,2,1,B,1.4,292818.31
2331.1,3,1,48,1,B,7.55,291232.65
1772.3,2,1,26,1,C,7.28,168157.19
2341.4,5,4,45,1,B,22.17,297357.47
1836.9,2,1,35,1,B,5.31,231810.37
1465.0,3,2,52,0,B,1.0,173068.95
1562.2,1,1,59,1,B,6.91,171426.33
1207.8,5,3,36,1,B,9.41,172633.32
1444.7,5,4,21,1,B,2.27,236813.19
1656.8,4,2,25,1,B,1.95,258285.8
2121.4,2,1,49,1,C,8.65,195305.46
2488.3,1,1,25,1,B,1.0,317434.71
1247.1,4,2,31,1,A,21.13,178921.25
1957.1,3,2,11,0,A,8.5,295867.7
1383.8,5,3,59,0,A,3.34,220199.73
1989.9,4,3,39,1,B,3.84,265037.18
1747.6,3,2,19,1,B,2.52,247518.08
1067.6,5,4,35,0,A,1.0,199452.41
2171.3,5,3,24,1,C,12.88,225187.87
1558.0,3,2,9,1,A,1.9,283327.31
1586.4,1,1,52,1,A,5.79,217938.79
1372.1,1,1,53,1,C,1.93,127555.75
1538.3,3,2,50,1,B,10.9,200204.6
1971.2,3,2,22,1,B,3.27,249641.15
1724.3,1,1,15,1,C,2.97,189911.66
1931.5,1,1,2,1,C,5.65,189185.05
1944.8,4,3,43,1,A,5.7,317089.12
2328.3,4,2,19,0,B,23.9,258215.51
1662.9,1,1,53,1,B,5.88,180065.88
1209.3,3,2,52,1,A,1.36,211607.24
2226.9,1,1,7,1,C,1.18,250051.72
1667.4,4,3,55,1,B,21.73,188918.77
2245.8,5,3,8,0,C,21.89,224729.84
1953.4,5,2,29,1,B,4.23,277011.98
1747.5,3,2,28,0,B,7.4,232215.86
1939.5,4,3,57,1,A,1.85,293911.05
2580.4,5,4,39,1,C,1.0,294290.12
2630.8,4,2,52,1,B,3.11,333211.87
1827.8,3,2,35,1,A,12.62,247149.49
1864.1,4,2,49,1,A,5.61,290350.96
2230.5,3,2,51,1,B,2.59,304450.57
1461.7,5,2,51,1,A,2.75,244738.87
1933.2,3,2,24,1,B,16.71,243473.17
1789.7,5,3,22,1,B,2.0,281753.19
1925.6,1,1,59,0,A,1.0,254948.59
1466.7,1,1,45,1,B,7.36,167981.28
1164.2,1,1,55,0,A,2.11,128017.3
970.8,3,2,34,1,C,26.89,68615.4
1353.0,4,2,55,1,C,6.73,151789.07
1616.5,2,2,43,1,A,40.0,160787.09
1682.7,1,1,44,0,B,1.0,194600.22
2574.9,5,4,10,0,B,11.22,342870.95
2242.4,4,3,34,1,C,38.16,212133.78
1415.2,4,3,43,0,B,2.89,185243.87
1939.1,3,2,45,1,B,10.32,254613.38
1637.2,3,2,57,1,C,4.4,167866.71
1686.3,1,1,19,1,A,1.0,279562.63
1874.1,1,1,18,0,B,8.18,200292.58
2047.7,5,4,58,1,A,2.9,344940.56
1664.3,2,1,59,1,B,1.0,200278.72
2225.5,4,3,10,1,B,3.57,318315.39
1343.2,4,2,22,0,C,3.48,160400.47
1802.5,2,1,56,0,B,1.0,211092.37
2839.1,2,1,11,1,A,2.86,450776.59
1889.2,4,2,46,1,C,10.84,184523.41
2373.3,1,1,6,1,C,14.2,216879.98
1836.6,3,1,10,0,B,12.01,220530.35
2032.3,5,4,47,1,B,7.6,279793.64
1777.3,4,2,36,0,A,28.32,214904.99
1731.8,4,2,33,1,B,2.86,233013.94
1488.2,1,1,51,1,A,3.39,221144.43
1972.1,1,1,18,1,A,8.78,282091.73
1459.4,2,1,30,0,C,5.32,150657.35
2066.2,2,1,36,1,B,21.14,223800.43
2234.1,1,1,44,0,A,11.68,289362.48
1946.6,5,2,19,0,A,11.38,307185.82
1685.5,1,1,38,1,C,16.62,134169.08
1981.6,4,2,26,1,A,8.94,320373.5
1676.5,3,2,32,1,A,5.42,287290.1
2174.2,4,3,51,1,A,6.26,344384.39
1067.4,2,1,23,0,A,19.81,126585.9
1665.8,2,2,40,1,B,1.0,225823.56
1003.7,4,2,56,1,C,4.16,115960.63
1202.0,2,1,45,1,B,11.3,136997.49
2345.5,4,2,59,1,B,7.66,299113.39
2158.1,1,1,35,0,B,1.0,260101.7
1512.2,1,1,16,1,B,16.64,154665.3
1199.0,4,2,59,1,B,4.64,164573.78
614.2,4,3,38,1,B,8.59,97679.04
1582.6,1,1,14,1,B,1.0,204996.95
2768.2,5,3,19,0,B,11.27,368104.49
1974.0,1,1,15,1,B,12.87,224311.74
1576.2,5,3,50,0,B,1.7,201792.23
1986.0,4,2,5,0,B,2.95,279883.4
1175.6,5,4,44,1,A,3.02,211427.05
1681.1,5,3,33,1,B,40.0,155949.05
1839.8,2,2,4,0,B,2.43,248992.82
1765.6,4,3,36,1,A,31.68,232591.14
2116.3,2,1,45,0,C,2.89,202070.61
1937.9,3,2,43,1,B,4.3,247027.35
2067.3,2,1,31,1,A,7.27,291013.4
1524.7,3,2,20,0,C,15.97,128163.36
2159.1,5,2,9,1,A,14.28,346529.76
2451.6,3,2,0,1,B,6.81,316844.82
1411.9,1,1,21,1,B,6.38,177241.49
1444.9,2,1,37,1,C,1.0,146487.91
2334.3,4,2,2,1,B,5.84,326296.77
1723.5,3,2,59,1,B,6.02,215826.11
2361.5,3,2,35,1,B,16.19,286368.01
1623.0,3,2,17,1,B,3.12,234007.6
2382.0,2,1,57,1,C,4.09,224690.14
1852.6,3,2,11,1,C,12.07,195172.63
1903.3,4,2,57,1,B,2.22,254805.1
2425.9,5,3,16,1,C,11.85,239230.48
1655.3,4,2,22,1,B,1.0,249100.27
1423.6,5,4,25,1,A,6.41,266111.77
1620.6,5,3,59,1,A,1.0,285203.19
1980.9,1,1,15,1,B,25.36,194631.36
1173.7,2,1,58,1,A,16.05,135736.99
2055.0,2,1,20,1,B,9.22,243253.01
1584.5,1,1,17,1,B,5.41,206270.72
2259.1,1,1,38,1,B,25.27,215512.83
842.3,4,3,41,0,A,2.86,136928.45
1485.4,2,2,20,1,C,4.98,164768.99
1125.4,1,1,8,1,B,1.0,150755.78
1469.5,2,1,23,0,A,5.1,201475.1
1899.1,2,1,32,1,B,9.55,237855.83
1728.3,1,1,2,1,B,8.43,227022.5
1698.6,1,1,4,1,B,19.59,197875.07
1736.3,4,3,55,1,B,25.86,199621.05
1881.4,5,3,2,1,A,11.7,323323.82
1396.6,3,2,24,1,C,1.82,158708.79
2082.7,4,2,45,1,B,7.43,263092.12
2065.1,5,2,19,1,A,34.71,282350.55
1954.0,5,4,29,1,B,32.91,223882.37
2022.6,1,1,5,0,B,10.73,227423.79
1918.6,5,4,47,1,B,4.07,279592.96
2614.0,1,1,38,0,B,3.26,313006.32
1765.2,1,1,51,1,B,1.79,214731.5
1677.2,3,2,51,0,B,1.0,225703.16
1498.6,4,2,21,0,A,9.52,223703.23
1387.1,1,1,2,1,A,11.04,187259.89
1302.2,2,1,20,0,C,6.77,130132.77
1444.5,2,2,8,1,B,26.19,150239.45
1771.7,2,1,31,0,B,19.39,176599.16
1933.7,5,2,8,1,A,16.46,294444.14
1820.5,2,1,55,0,B,13.44,176077.28
1493.8,2,1,36,0,A,10.21,179180.06
2160.1,1,1,15,0,A,1.7,309233.3
2095.8,1,1,55,1,A,3.59,289818.39
1736.1,1,1,46,1,B,11.13,191983.53
1538.8,3,2,26,1,B,8.99,215080.24
2019.4,3,2,8,0,A,4.61,322490.68
1875.2,3,2,20,1,A,1.0,298205.58
1220.7,5,3,35,0,B,3.66,182758.26
1772.8,3,2,45,1,B,16.45,207455.14
1904.8,1,1,15,1,B,5.63,236842.33
1440.1,2,1,44,0,A,3.61,197295.43
1875.9,2,2,16,1,B,19.4,221365.3
1218.1,5,3,14,1,C,14.45,137293.61
2334.5,2,1,26,1,B,5.98,289353.69
2299.2,1,1,9,0,A,1.05,350591.98
1699.0,4,3,24,1,B,8.19,230456.26
1945.4,3,2,21,0,B,16.6,213454.01
836.0,1,1,16,1,A,4.82,132206.27
1337.5,4,3,46,1,B,1.87,184451.54
1682.5,2,1,19,1,C,15.64,140468.79
1371.1,5,3,41,0,B,8.86,177872.65
2085.8,5,2,43,1,C,11.91,230466.46
2598.9,2,1,39,1,B,7.42,313134.4
1329.4,3,2,16,0,B,8.64,170031.5
1465.0,3,2,49,1,A,1.0,216660.62
1894.2,4,2,14,1,B,18.16,245356.07
2444.4,1,1,16,1,A,5.57,363559.66
1311.1,2,1,52,1,B,3.39,153899.71
1899.6,1,1,20,0,A,2.78,272277.35
2528.5,4,2,41,1,B,12.34,316952.65
1139.3,1,1,2,1,B,4.69,143750.07
1287.6,3,2,36,1,A,8.17,206309.04
1630.6,4,2,52,0,A,3.22,258245.96
1591.8,5,2,42,1,C,5.01,177711.86
2125.0,2,1,34,0,A,2.59,295913.39
1896.7,1,1,50,1,B,12.23,204365.66
1090.0,4,2,17,1,B,19.4,149046.13
2006.2,1,1,22,0,B,1.0,228476.51
1569.0,1,1,4,0,B,7.08,190895.43
2309.8,5,3,41,0,A,6.21,352316.71
1549.0,5,2,43,1,B,5.15,221490.05
1545.4,4,3,45,1,B,19.59,180116.04
2016.5,5,3,44,1,B,14.57,255165.32
2105.2,1,1,7,1,C,4.76,229309.17
1979.2,1,1,39,1,C,5.86,173343.74
1125.8,2,1,45,1,A,1.0,180763.26
2015.2,1,1,12,1,B,1.0,279138.9
1386.3,5,2,28,1,A,9.32,245311.83
1894.1,1,1,54,1,A,2.4,254888.09
1230.5,3,2,24,1,B,3.93,163988.98
1978.5,5,4,45,1,B,16.84,248718.52
1477.4,4,2,31,1,B,3.74,212883.04
1286.9,2,1,39,1,A,20.1,159136.76
2085.5,3,2,37,1,A,7.78,305531.15
1896.7,3,2,39,0,C,9.09,170412.1
1554.4,4,3,46,1,C,4.06,165809.03
2380.5,3,1,54,1,A,16.53,321703.16
1623.7,2,1,17,1,B,1.0,240195.64
1812.8,4,2,55,1,B,15.35,207013.6
1907.6,5,2,37,1,B,6.13,253377.74
1552.1,3,2,35,0,B,9.13,173155.73
1988.5,1,1,19,1,C,29.18,165354.38
1586.6,3,2,25,1,A,9.02,250215.42
1635.3,5,3,39,1,B,8.38,221022.42
2345.1,5,3,21,1,C,3.58,263375.94
1383.8,3,2,17,1,A,1.41,236566.67
834.9,1,1,49,1,A,3.0,120180.59
2444.4,3,2,24,0,B,20.46,301246.13
2819.7,5,3,38,1,B,34.18,326519.65
1637.9,5,3,1,1,B,5.11,254896.22
1025.3,1,1,4,0,B,2.4,122576.85
1675.8,2,1,50,1,B,5.03,188603.93
1685.5,3,2,8,1,A,24.06,246309.99
1724.0,1,1,47,1,B,1.0,216177.2
1354.6,5,3,54,1,B,1.0,198896.36
2031.8,1,1,28,1,C,5.01,210372.51
2009.8,4,2,53,0,A,15.06,272084.67
1202.2,5,2,25,1,A,26.59,180062.86
2079.7,4,2,57,1,B,12.45,256122.16
2621.1,4,3,14,1,A,4.37,431172.96
1868.8,2,1,25,1,A,2.77,281117.38
1665.1,5,3,23,1,C,7.79,192728.18
1743.2,3,1,47,1,B,4.81,228477.06
2046.1,1,1,2,0,B,4.31,243823.77
1107.7,2,1,49,1,A,22.91,122720.08
1865.8,2,1,1,1,A,2.57,294278.14
1643.8,3,2,18,1,B,18.23,208594.0
2539.1,2,1,35,1,B,7.57,311183.93
1730.3,3,2,8,1,A,2.67,284749.79
2467.2,3,1,29,0,B,6.08,296162.36
1358.5,2,1,59,1,A,5.02,200680.14
2034.9,4,2,49,1,A,1.38,316118.07
1927.8,2,2,1,0,A,1.0,295087.95
1452.4,4,2,35,1,B,4.04,205007.37
1871.0,2,1,35,1,A,18.52,268510.32
2285.0,5,3,4,0,B,5.23,310009.26
1670.5,2,1,39,1,B,1.0,219910.74
1123.2,1,1,31,1,B,4.57,140738.13
1793.0,1,1,40,0,A,1.0,241493.18
1439.0,5,3,17,1,A,6.58,266830.48
1663.1,5,3,15,1,A,1.0,307602.82
1767.4,2,1,44,0,B,2.97,201566.57
1117.7,4,3,43,0,B,21.26,100502.32
1153.7,3,2,9,1,A,13.94,185843.91
1992.8,1,1,12,1,B,11.26,247600.98
1590.9,3,2,35,1,B,22.91,177169.72
774.1,4,3,49,1,A,5.52,154125.24
2113.9,5,4,12,1,A,1.0,390610.29
1908.9,5,3,13,1,A,8.25,330688.73
1514.5,1,1,48,1,A,25.89,154468.72
1273.3,2,2,41,1,B,4.0,160439.03
2134.3,3,2,54,1,A,11.52,291395.11
1939.7,1,1,47,1,C,3.24,181959.91
2753.0,3,2,57,1,B,2.93,346457.12
1968.1,1,1,11,1,B,15.64,244536.02
1955.1,1,1,16,0,B,9.49,225912.56
1733.2,1,1,14,1,B,40.0,140338.92
2126.7,2,1,3,1,C,3.84,211233.6
2050.0,4,3,46,0,C,1.0,212337.75
2300.7,1,1,39,1,B,25.05,242598.32
1591.5,5,3,5,1,A,9.42,285346.74
1625.8,2,1,11,1,B,17.12,196788.39
1608.4,1,1,11,1,A,7.98,237648.4
2116.3,2,2,24,1,B,17.55,255027.81
2399.3,4,3,27,1,B,6.11,308222.94
1616.5,1,1,17,1,B,1.72,226069.58
1630.1,1,1,55,0,B,5.73,158524.21
1925.6,5,4,12,1,A,1.9,363463.96
1701.7,3,2,33,0,B,6.05,206882.1
2180.8,2,1,26,1,B,1.0,281540.3
899.3,4,3,23,1,B,14.94,126130.1
1469.3,5,3,49,1,B,6.96,210462.15
1487.0,2,1,58,1,A,7.82,208338.55
871.9,3,1,0,1,B,3.89,151420.74
1414.5,1,1,27,0,A,5.29,204487.92
1433.9,2,1,7,0,B,24.9,143093.59
1719.6,3,1,26,0,B,4.22,231042.43
2245.2,1,1,37,0,B,8.24,248376.5
1702.0,5,3,24,1,B,9.73,253553.06
1387.7,5,4,18,1,C,17.57,162192.27
1777.2,2,1,18,1,B,4.99,224785.99
2219.7,2,1,17,1,B,6.54,282602.06
1409.6,1,1,19,0,B,8.03,161629.34
1435.8,3,2,22,1,B,1.88,206212.0
2023.4,1,1,41,1,B,17.22,219989.13
1711.4,2,1,5,1,C,3.72,193802.03
2059.0,3,2,2,1,A,1.0,351461.39
1794.5,4,2,31,0,A,2.22,255448.15
2080.7,3,2,40,1,A,6.04,336700.6
1386.0,2,1,15,1,A,4.75,219402.94
1795.2,4,3,12,1,B,8.3,246581.18
1715.7,4,2,37,0,A,4.25,253825.03
1313.6,4,3,23,0,B,7.41,174950.53
1174.6,3,2,44,1,A,15.57,158548.3
2074.3,5,2,8,1,A,1.62,360635.5
1659.6,2,1,7,1,B,13.99,196844.4
1391.1,5,2,33,1,B,4.66,211417.78
1761.5,2,1,23,1,B,27.28,201627.85
2251.2,2,1,43,1,B,6.63,279597.06
887.7,3,2,30,1,C,1.19,121742.23
1201.3,3,2,21,1,B,14.24,150411.0
1430.8,4,3,9,1,A,7.72,257562.46
2384.5,2,2,9,1,A,13.02,360172.91
1913.0,5,4,45,1,C,1.0,217455.76
2106.9,2,1,13,1,B,1.0,276073.93
1343.9,3,2,30,1,B,1.12,201575.16
1352.2,5,4,49,1,B,2.54,218583.78
1979.1,3,2,53,1,A,7.53,294601.68
1823.3,4,3,16,1,B,2.66,255515.73
2019.5,5,2,6,1,B,11.38,278615.95
1724.9,5,4,46,1,C,1.0,191180.12
1911.3,3,2,41,1,A,1.0,307773.1
1863.2,3,1,19,1,B,38.97,182702.98
2111.1,1,1,35,1,A,16.02,275440.98
2122.8,3,2,11,1,C,3.28,235757.38
1152.1,5,2,42,0,A,1.21,201955.35
901.1,3,2,43,1,B,7.19,123812.91
2200.7,2,2,17,1,A,1.0,341485.23
2275.1,1,1,28,1,B,1.0,282478.16
1391.8,2,1,20,1,B,4.89,187325.88
1056.1,2,1,1,1,B,9.02,159982.42
1839.6,5,3,7,1,C,2.15,223640.06
2172.3,3,1,57,1,C,3.25,221254.85
2519.0,1,1,27,1,C,29.75,214606.65
2006.5,1,1,8,1,B,9.75,243310.61
1651.3,5,2,2,1,B,26.53,220579.68
1442.7,5,3,21,1,B,10.3,224061.2
1804.6,4,3,58,1,B,6.36,250628.28
1680.3,1,1,23,1,B,1.76,219190.35
1394.0,1,1,59,0,B,1.0,172378.11
2619.5,1,1,29,1,A,5.4,374292.84
2514.1,4,2,45,0,B,21.46,299512.42
2254.4,4,2,47,1,A,1.6,368677.23
1431.7,5,2,1,1,A,1.41,293579.06
2142.0,1,1,0,1,A,11.67,310833.0
2055.9,1,1,55,1,A,1.0,302687.23
1977.0,5,2,55,1,B,1.8,285409.07
2299.9,5,2,7,1,B,15.69,295236.56
2054.1,4,3,38,1,A,1.7,341674.05
2096.0,1,1,55,1,B,14.3,202000.91
2054.8,1,1,57,1,C,9.09,180528.69
1936.3,1,1,17,1,C,23.09,156383.87
1086.6,4,3,49,0,C,9.06,105639.47
1833.4,5,2,38,1,C,1.0,240447.48
1577.5,4,3,55,1,B,30.75,179489.36
1288.1,2,1,8,0,C,1.0,121259.63
2472.7,4,2,36,1,C,4.47,266987.25
2491.6,1,1,1,0,B,10.37,298746.12
2343.7,5,3,21,1,C,3.53,263560.39
1902.1,5,3,0,0,B,2.17,280690.21
2340.3,4,3,26,0,B,8.73,300123.57
1804.8,5,4,48,1,C,1.21,198659.9
1881.1,3,2,39,1,B,1.0,242920.98
1362.6,3,2,19,1,B,4.18,196367.6
1958.8,2,1,25,1,B,28.29,202975.62
1824.2,5,2,22,0,B,8.68,233449.42
1278.9,4,3,43,1,C,1.63,144634.39
1779.5,1,1,15,1,C,18.5,156738.85
1768.1,5,3,5,0,B,1.0,271534.49
2519.0,1,1,30,1,C,24.79,211799.6
2157.7,3,2,49,1,A,7.77,337693.07
1804.6,1,1,28,1,C,1.0,175881.3
1899.5,4,2,12,1,A,10.92,310446.76
1817.7,3,2,2,1,B,6.72,249145.68
1718.8,3,2,56,1,A,6.14,263856.29
1367.0,4,2,45,1,B,6.42,177894.94
1739.6,4,2,9,1,B,5.18,270162.62
1501.6,2,1,4,0,A,4.31,211767.16
1299.9,5,3,7,0,B,21.3,182043.81
2004.5,3,1,22,1,B,3.41,267625.48
1956.5,1,1,48,1,A,12.84,261240.21
1085.3,1,1,9,1,B,17.54,132011.09
1750.9,2,1,49,1,A,18.66,229729.37
2198.3,4,3,0,1,A,7.36,365989.11
2223.7,3,2,44,1,A,6.56,342872.5
2210.3,2,1,16,1,B,4.2,303521.9
1815.6,3,2,57,1,B,1.49,226523.92
1462.0,5,3,28,0,B,10.78,216056.56
1366.5,3,2,16,0,C,9.15,141195.62
1937.8,1,1,14,1,B,3.44,242321.45
1951.7,1,1,49,0,B,1.0,211772.55
2314.9,3,2,24,1,C,1.0,248000.64
2240.0,3,2,21,1,B,4.92,277897.89
1747.1,5,3,44,1,A,5.44,291964.02
1302.3,3,2,32,1,A,7.46,206597.44
1672.4,4,2,39,1,B,2.24,222950.91
1886.9,3,2,26,0,B,14.55,225810.03
1719.2,2,1,3,1,A,4.86,275108.38
1568.8,4,3,0,0,C,4.52,174613.04
1901.2,4,2,2,1,C,7.57,211948.24
1598.4,4,3,34,0,A,8.04,250422.0
1548.8,1,1,30,0,A,13.36,189285.61
1924.6,4,2,44,0,A,1.0,291729.93
1639.2,2,1,53,1,B,8.88,189696.16
1897.6,4,3,10,0,C,6.68,204571.87
1909.3,4,2,57,1,B,19.95,206310.47
1344.2,4,3,55,1,A,4.18,222060.01
1607.5,5,3,36,1,B,8.7,233284.95
2375.1,3,2,31,1,A,17.79,345250.78
1335.2,1,1,10,0,B,18.28,129354.03
953.3,4,3,10,1,B,5.2,167776.91
1055.3,4,2,1,1,B,1.0,171331.88
1811.6,1,1,38,1,B,6.22,204460.1
1812.4,1,1,25,1,C,6.3,173795.16
1753.0,2,1,11,1,A,19.33,257602.47
2285.7,5,2,8,1,B,7.34,322234.02
730.9,3,2,3,0,A,5.25,128884.08
1958.4,5,3,38,1,B,14.9,271654.67
2424.6,5,2,41,0,C,13.12,232492.54
1348.9,3,2,37,1,B,11.79,191143.7
1648.1,4,2,6,1,A,1.0,294610.31
1498.8,2,1,2,0,B,1.59,186566.6
1442.3,1,1,6,0,B,3.69,174033.56
1669.5,2,2,45,1,C,3.52,166950.07
2371.0,3,2,44,1,B,28.04,247364.86
2535.0,1,1,17,1,A,20.31,365700.6
1665.6,2,2,3,1,B,3.18,236199.19
2562.0,1,1,19,1,A,1.0,393373.96
1814.2,4,3,48,1,A,20.48,253067.98
2501.5,5,4,8,1,B,1.0,363400.48
1762.7,5,4,47,1,B,2.78,267714.0
1852.4,2,1,27,1,A,4.34,266584.08
1946.2,3,1,8,1,B,1.0,260114.13
3071.5,5,3,56,1,B,5.97,396179.17
2140.5,3,2,31,0,B,10.4,268079.15
1517.1,2,1,40,0,A,5.68,202280.59
2187.6,2,2,5,0,B,6.95,276270.55
1655.3,4,3,22,0,A,12.96,250727.37
1604.1,3,2,37,1,A,14.92,244735.74
2163.4,5,3,38,0,B,1.0,277765.64
1812.4,5,2,3,1,B,11.25,265858.08
1911.4,1,1,36,1,A,4.51,274425.24
1805.6,4,2,56,1,A,19.83,256459.5
1934.6,2,1,47,1,C,5.27,179102.4
1970.0,3,2,12,1,B,1.97,275708.18
1025.2,2,1,54,1,B,5.64,119712.29
2066.6,2,1,40,1,C,30.97,151612.78
1407.2,2,1,3,1,A,8.8,210107.51
1223.1,1,1,7,1,B,16.91,131652.96
1776.6,4,3,55,1,C,2.55,195375.73
1833.6,1,1,12,1,B,3.91,226650.18
1522.6,2,1,5,1,A,6.87,239662.24
2132.4,1,1,27,1,B,16.79,217941.81
1263.1,1,1,31,1,B,3.27,153820.23
1637.2,2,1,34,1,B,5.16,215383.23
1566.1,5,3,39,1,B,1.0,243477.84
1781.4,5,3,59,1,B,2.52,248363.87
1911.5,2,1,45,1,A,26.22,230965.65
1396.8,3,2,1,1,B,8.88,190085.05
2089.7,5,3,5,1,A,26.67,334146.89
1825.2,2,1,0,1,C,14.08,202175.71
1043.2,5,3,23,1,B,18.74,147846.54
1016.6,1,1,21,1,B,2.25,160892.4
1795.1,2,1,56,1,B,40.0,136606.85
1711.6,2,1,21,1,A,4.93,252726.0
1758.6,1,1,1,1,B,9.03,213375.93
1788.8,5,2,53,1,B,14.67,221622.31
1890.2,5,3,15,0,B,10.45,276556.21
2179.1,2,1,54,1,B,1.0,265675.59
1355.6,5,4,46,1,C,6.48,152772.08
1331.2,4,2,52,1,B,24.67,132418.45
1362.7,5,4,49,1,B,24.27,176882.58
1915.6,5,3,8,0,B,9.71,271411.17
2298.0,3,2,37,1,A,5.22,350134.68
1627.5,1,1,24,1,A,7.03,217914.12
799.3,5,2,37,1,C,2.66,98388.22
1118.4,4,2,44,1,C,2.06,149281.15
1466.8,5,3,30,1,C,13.97,169354.57
1576.9,5,3,18,1,A,2.38,295210.09
1636.6,1,1,54,1,A,7.89,236632.79
1815.4,3,2,39,0,B,28.9,194140.82
1675.3,1,1,53,1,C,8.68,147787.29
2219.7,1,1,14,1,A,9.79,321173.98
1529.6,5,2,50,1,A,8.17,242840.01
1455.1,5,2,19,1,A,22.64,218945.9
1991.6,5,3,27,1,B,8.42,263776.04
1185.7,5,2,51,1,B,1.71,163464.29
1955.9,4,3,21,1,B,6.68,255611.68
1841.0,3,1,15,1,A,2.53,313682.81
1741.0,5,2,54,1,B,6.54,218229.61
2435.3,3,2,57,1,B,1.95,328330.5
1551.1,4,2,18,1,A,8.11,254194.45
2624.1,2,1,18,1,A,3.6,419018.43
1709.8,4,3,13,1,B,10.89,235254.72
1289.2,5,4,1,0,B,5.67,187199.13
1828.0,4,3,33,1,C,2.09,221371.13
1369.5,3,1,15,1,B,4.38,206099.87
1499.3,1,1,50,1,B,8.47,156905.84
1958.8,1,1,10,1,B,2.58,249584.81
2022.2,4,3,38,1,B,1.0,274609.98
1551.1,4,2,30,1,A,15.47,235421.11
2195.0,4,2,36,1,B,2.72,298024.2
2263.0,5,3,6,1,A,7.16,385577.48
2374.5,3,1,27,0,B,3.83,274595.3
2011.8,5,3,37,1,B,2.42,282270.76
2345.4,4,2,20,1,B,16.85,301776.34
1047.7,2,1,52,0,B,36.32,50000.0
1672.8,5,2,31,1,A,2.14,291870.14
1453.2,1,1,21,1,B,9.61,163362.27
1847.7,3,1,1,0,B,5.68,232769.22
1571.4,5,3,10,1,C,20.37,184360.34
1733.5,4,2,28,1,B,7.2,225225.79
2552.9,5,4,24,1,C,1.27,300651.19
1732.1,1,1,52,1,B,20.03,170266.14
1965.5,3,2,47,0,C,33.59,145800.82
1707.1,4,2,9,1,A,8.63,280778.79
1830.3,4,2,35,1,A,1.42,304042.14
1802.4,5,2,27,0,A,19.36,256825.08
1979.3,3,1,6,1,A,4.31,318677.49
2266.1,4,2,39,0,C,2.49,234881.59
2459.0,3,2,32,1,B,9.48,313693.56
1923.8,5,3,5,1,B,26.61,266860.91
2035.8,1,1,28,1,B,13.5,234087.06
1339.7,2,1,43,1,B,12.84,130464.94
1764.8,1,1,19,1,B,1.2,239502.95
2176.1,4,2,21,1,C,14.24,221285.57
2146.4,2,1,6,1,B,11.02,288645.88
1884.6,2,1,12,1,B,6.96,256952.15
2154.6,5,2,58,1,A,6.62,332512.16
1996.3,2,1,37,0,C,1.0,199264.47
2280.1,1,1,10,0,A,1.0,329598.09
1915.7,1,1,28,0,B,9.19,210529.13
1657.7,2,2,11,0,C,21.65,147659.09
1934.3,5,3,26,1,A,10.17,333655.92
627.8,3,1,8,1,A,7.69,128905.56
1953.2,5,3,37,1,B,1.97,282694.15
600.0,2,1,34,1,B,9.93,95972.87
1110.6,2,1,38,1,C,1.0,114968.8
1980.7,1,1,26,1,C,18.82,155956.73
1991.0,2,1,17,1,B,6.7,238883.42
1335.0,3,2,14,1,C,4.37,169508.56
1515.2,5,2,12,1,B,13.54,212973.45
2348.2,2,1,25,1,C,3.96,239487.38
1606.4,4,2,27,1,A,13.9,244724.86
2697.2,4,3,40,1,B,5.21,350703.97
1799.2,2,1,3,1,A,23.06,237271.9
1963.2,5,3,16,1,A,5.98,347455.26
2446.7,3,1,51,1,B,3.03,305072.02
1852.4,1,1,54,1,A,7.9,253340.9
1399.1,5,2,55,0,B,7.97,177843.28
1756.1,5,2,18,0,B,19.79,207889.21
1785.8,1,1,8,1,A,2.97,264226.43
1254.1,5,3,11,0,B,15.64,153258.19
1697.7,5,2,7,1,B,5.3,284876.59
1503.1,5,4,57,0,C,9.74,168700.55
2169.7,2,1,53,1,A,13.9,303890.29
1813.8,4,3,48,0,C,1.51,183369.84
1686.9,3,2,43,1,C,3.83,177904.71
1757.5,4,2,20,1,B,4.51,240731.74
1889.2,4,2,28,0,B,1.13,239321.76
2046.7,4,2,50,0,B,2.99,250741.31
1400.1,3,2,48,1,C,1.45,165354.3
1383.4,4,2,31,1,B,15.97,183969.77
2241.9,3,1,50,1,C,7.45,208803.07
1635.1,1,1,20,1,C,3.84,162075.42
1233.3,1,1,24,1,B,23.5,124478.66
1977.5,5,4,50,0,B,1.93,262726.2
1985.3,5,4,22,1,B,3.45,296136.73
1187.7,3,2,45,1,B,16.77,139512.21
1891.8,1,1,27,1,C,1.0,195521.4
2094.2,4,2,17,1,A,16.03,323836.4
1949.8,1,1,13,1,A,2.91,293044.28
2052.8,2,1,36,0,B,2.7,238425.76
1238.3,2,1,28,0,C,3.09,108197.6
1932.4,1,1,22,0,B,2.3,213677.95
1679.0,5,3,44,0,C,3.76,180411.27
1606.9,3,1,0,0,B,7.14,215718.29
2148.2,2,1,5,1,A,3.32,327781.17
2391.7,3,2,57,0,C,15.24,212347.44
2517.7,1,1,39,1,B,2.4,313669.08
2325.9,3,2,32,1,B,4.5,284745.11
1756.1,3,2,0,1,A,1.0,306573.5
1941.1,2,1,35,1,A,9.58,295179.18
2106.7,5,4,26,0,A,6.17,350472.66
1848.5,2,1,35,0,B,11.39,183824.68
1852.3,1,1,2,0,B,1.25,238356.48
2129.5,3,2,33,1,B,1.0,278562.78
1776.3,5,3,34,1,A,12.69,295835.85
1508.3,2,1,17,1,A,3.74,234318.21
1634.2,1,1,3,1,B,21.74,178601.21
2053.6,5,3,58,1,C,10.94,207055.89
1801.2,3,2,42,1,B,1.28,241607.42
1936.1,1,1,37,1,A,1.05,282009.34
2068.0,4,3,46,0,B,10.66,248616.32
1650.1,2,1,40,1,C,11.79,140579.92
2102.5,5,3,8,1,B,10.12,302963.65
1951.5,2,1,27,0,C,9.69,179599.14
1306.1,3,2,53,1,C,19.53,95971.39
2376.9,3,2,17,1,B,17.13,301403.3
1599.7,2,2,58,0,C,5.02,141369.5
1138.0,3,2,3,1,A,11.54,194787.38
1382.0,1,1,19,1,C,6.38,144914.64
1391.6,4,3,21,0,C,1.12,164279.27
1820.9,4,3,37,0,C,19.92,177387.14
1690.5,5,2,10,1,B,1.17,257578.61
1665.3,2,1,13,0,B,13.27,198129.6
2047.9,2,1,39,1,A,1.03,313454.16
1936.0,3,2,17,1,B,2.1,273688.16
1926.4,4,2,52,1,B,13.2,239798.18
1963.9,5,3,52,1,B,2.96,286152.45
2046.5,1,1,18,1,B,4.67,262449.81
956.8,2,1,33,1,B,6.9,116087.47
1654.2,2,1,19,1,A,31.09,188970.72
927.9,2,1,20,0,B,1.36,119138.46
1814.4,3,2,40,1,B,1.88,235379.6
1798.1,5,2,17,1,B,5.98,249795.51
2218.2,1,1,8,1,B,1.98,264942.83
2275.1,5,3,15,1,A,3.28,379247.08
1881.1,4,3,55,0,C,1.0,214440.63
1599.9,4,3,15,1,B,1.46,236996.31
1994.1,4,2,21,0,A,8.78,322913.27
1588.8,1,1,37,1,B,10.89,182409.63
1799.4,4,2,6,1,B,3.65,262126.08
2194.5,2,1,16,1,B,4.09,268149.52
1576.9,3,2,10,1,A,1.0,277519.06
2122.3,4,2,55,0,A,14.5,307117.86
2071.0,4,2,55,1,A,12.22,319871.25
1418.1,2,2,45,1,A,20.45,180067.06
2189.6,2,1,14,1,A,11.26,311581.61
2079.4,3,2,36,1,C,1.29,212781.9
1840.8,1,1,39,0,B,18.56,168746.18
1495.1,4,2,52,1,B,7.56,208073.2
1456.3,1,1,9,1,B,21.82,170942.91
1584.9,3,2,44,1,B,4.95,209247.97
2017.0,4,3,11,1,A,1.11,352547.71
1417.7,1,1,34,1,A,4.98,220888.09
1975.0,5,2,52,1,A,8.21,301711.36
1303.3,2,1,3,1,B,4.92,181578.93
1718.4,1,1,8,1,B,4.69,225456.36
1843.9,4,3,48,1,B,12.54,225545.15
2778.1,3,2,1,0,B,27.08,306341.48
1249.1,4,3,41,0,C,5.2,125649.39
2388.8,4,2,30,1,B,22.02,298789.79
1859.9,3,2,20,1,B,8.36,264610.29
1964.5,5,3,51,1,B,8.91,263574.09
1847.3,2,1,50,0,B,1.94,211125.27
1977.9,3,2,19,1,B,5.4,260042.17
1738.5,1,1,0,0,B,2.85,215938.6
2381.6,4,3,7,1,A,4.08,397866.69
1617.4,2,1,6,1,B,1.0,224119.08
2252.9,4,3,58,1,C,5.38,238200.8
1542.3,5,3,35,0,B,3.82,210875.9
1775.9,5,3,40,1,C,4.68,201108.47
1371.2,5,4,13,1,B,1.83,227532.47
1982.0,1,1,51,1,B,1.0,235165.5
2378.1,1,1,43,1,B,7.28,272888.91
1769.1,5,4,45,1,B,1.0,270408.87
1721.2,2,1,28,1,C,1.16,163273.3
1354.2,1,1,41,1,A,3.81,210604.7
1708.3,2,1,32,1,B,6.35,213652.74
1162.9,5,3,23,0,B,1.87,185413.86
1434.8,2,1,35,1,C,1.0,158196.26
1890.7,1,1,19,1,B,4.9,228497.12
2327.6,4,3,57,0,C,20.3,196625.28
2923.7,1,1,43,1,C,6.74,264764.11
1565.4,2,1,44,1,B,5.12,189131.45
2374.1,1,1,43,1,C,1.74,237323.69
1897.5,4,2,26,1,C,7.91,198868.52
1739.5,3,2,57,1,A,1.0,278767.45
1973.0,5,3,12,1,B,14.01,249071.91
1824.8,2,1,34,1,A,27.83,214917.09
1844.2,2,2,4,1,B,14.49,242989.21
1636.7,1,1,17,1,A,1.0,254970.3
1240.8,2,1,34,1,B,6.34,146925.78
1182.5,3,2,29,0,B,15.17,124503.6
2061.3,1,1,56,1,B,14.32,188426.47
1689.3,3,2,36,1,A,1.0,267944.06
1561.6,5,2,24,1,B,7.16,236648.22
1803.4,4,2,25,0,B,18.96,202160.79
2118.0,4,3,36,0,B,8.83,260856.48
1872.1,5,3,47,1,B,22.93,201970.32
1537.6,4,3,16,0,A,10.19,227458.8
2290.5,4,2,35,1,B,12.15,301971.88
2431.7,5,3,34,1,C,4.24,275235.16
1997.8,1,1,0,1,A,25.73,246559.51
2189.5,5,3,54,0,B,8.32,267792.84
2296.8,2,1,34,1,A,15.81,315292.29
2252.0,4,2,14,1,B,1.0,306283.49
2045.6,5,2,38,1,A,19.43,283097.34
2039.3,3,2,40,1,B,3.25,265623.47
2007.9,1,1,54,1,B,1.0,245669.79
1361.1,2,1,2,1,A,3.77,234859.33
2080.3,3,1,24,1,B,4.74,280901.87
1257.7,5,3,10,1,B,5.11,190163.71
1482.2,5,3,34,1,B,1.68,228084.54
2321.4,3,2,30,1,C,1.18,245491.43
2136.1,5,3,28,1,B,6.09,299272.82
2395.0,3,1,58,1,C,1.0,238198.28
1691.3,3,2,31,1,B,13.99,201874.88
1339.1,5,2,24,1,A,11.87,197761.02
1703.8,4,2,4,0,A,8.66,284196.17
1840.8,3,1,17,0,B,4.17,236358.22
1831.6,3,2,53,1,B,1.0,225448.56
2253.5,4,2,27,1,C,1.98,252694.81
1655.5,4,3,54,1,B,1.0,227185.97
1940.8,3,2,31,1,B,2.74,256733.87
1404.5,1,1,32,1,B,15.09,142681.31
1980.1,1,1,25,1,B,1.19,256100.15
1801.2,1,1,33,1,B,19.73,180187.96
1500.1,3,2,4,0,A,3.93,234006.62
1705.7,4,2,3,1,A,1.0,321133.68
1726.3,5,3,28,0,B,1.0,244370.75
1691.9,2,2,35,1,A,6.84,253936.83
2508.5,4,3,33,1,B,6.69,340068.87
1760.6,4,3,25,1,A,3.87,296973.71
1702.4,1,1,17,1,A,1.0,261470.05
961.0,2,1,42,1,C,8.55,93640.56
1442.3,2,1,36,0,C,4.4,118409.95
1694.8,5,3,2,0,B,1.34,256912.19
1525.7,5,4,27,1,B,1.23,234553.6
2352.7,5,3,42,1,B,3.28,333325.37
1734.0,3,2,47,1,A,1.47,282238.16
2315.4,3,2,17,1,B,11.86,298779.54
1824.7,2,1,55,1,A,6.32,241721.37
1814.9,4,3,39,1,B,11.35,236555.26
1764.5,1,1,26,1,C,10.27,153182.63
1801.5,2,2,37,0,B,20.63,182056.25
2487.5,1,1,52,1,C,3.4,211816.78
872.2,3,1,13,1,B,3.48,119798.37
999.4,2,1,9,1,B,4.56,154191.06
1582.7,1,1,26,0,B,2.56,188492.72
1805.8,2,1,5,1,B,5.52,235625.41
2076.0,5,2,50,1,B,8.66,262713.1
1989.2,3,2,58,1,A,4.21,289508.81
1646.3,5,3,36,1,B,13.01,225538.45
2207.6,5,4,58,1,A,2.89,362726.71
2212.1,5,3,4,1,B,1.0,346915.85
1873.6,2,1,37,1,A,20.71,239241.09
2185.1,5,2,26,0,B,13.55,272694.35
1909.1,5,4,16,1,A,6.89,324871.59
1575.4,5,2,18,1,A,1.61,286580.65
2079.1,2,1,32,1,B,1.88,267512.59
1844.2,2,1,38,1,A,10.5,257039.92
1800.5,3,2,9,1,C,33.54,149933.24
2389.2,5,2,36,0,B,9.54,302881.97
819.7,5,3,55,1,B,12.36,131283.68
1232.9,3,2,0,1,A,2.27,232348.51
1325.2,1,1,52,1,C,10.68,123167.24
1654.7,3,1,36,1,B,3.55,223677.82
1698.2,4,2,20,0,B,15.86,214906.51
1197.1,3,2,44,0,A,8.61,160019.18
1405.9,2,1,37,1,B,3.78,176592.46
1455.7,2,1,46,1,C,7.82,135602.76
2783.0,1,1,4,1,B,2.98,359458.34
2520.7,2,1,3,1,A,1.23,409355.16
1635.3,4,2,38,1,A,15.79,244440.01
1654.6,2,1,18,1,A,7.88,260506.54
1340.3,5,2,14,0,B,2.28,193649.23
1036.7,1,1,25,1,C,1.47,118432.13
1753.2,3,1,43,1,C,6.38,186255.41
1400.9,3,2,10,1,B,1.0,216878.07
1766.1,5,3,58,0,A,1.78,282577.4
1159.9,5,2,25,0,C,3.39,143066.97
1495.2,3,1,9,0,B,13.21,168567.08
1859.5,4,2,4,1,B,3.16,273799.44
1946.5,4,2,51,0,B,13.44,226196.09
1967.0,3,1,6,1,A,14.73,283792.74
1271.8,1,1,25,0,C,21.02,93603.2
2141.9,3,2,40,0,C,3.98,197966.17
1479.9,2,1,30,1,B,1.0,192310.66
2053.1,3,2,15,0,B,3.74,265794.77
1795.7,4,2,6,1,B,6.84,248494.55
1249.4,2,2,42,1,A,7.45,186858.01
1673.5,2,1,29,0,B,1.58,204829.51
1946.1,5,3,2,0,B,3.61,272119.39
2045.2,2,1,10,1,C,2.45,222894.28
1743.6,1,1,33,1,A,7.05,240323.43
2412.7,4,2,10,1,B,2.73,358939.91
2203.0,4,2,23,1,B,2.01,304736.21
1697.3,5,4,7,1,B,5.55,252376.54
2100.0,4,2,47,1,B,2.74,270188.2
2573.5,5,3,37,1,C,1.0,298133.47
2584.2,3,2,47,1,A,12.03,369755.94
1308.8,2,1,3,1,B,1.34,175237.71
1429.4,5,3,22,1,A,1.0,282768.82
2394.0,2,1,16,1,A,5.21,361665.97
1376.7,2,1,37,1,B,1.94,185356.35
1271.0,5,3,49,1,B,1.0,205373.69
1605.5,5,4,13,1,B,3.51,256878.2
1968.1,2,1,46,0,B,2.93,252278.62
1759.0,4,2,34,1,B,28.39,177059.14
1539.8,5,4,49,1,C,15.62,155040.95
1530.3,4,2,4,1,A,7.78,265142.38
1515.1,1,1,59,1,B,5.79,191348.39
1448.2,4,2,26,1,B,13.4,208955.55
2712.7,1,1,16,1,B,11.34,335727.74
1919.0,5,4,10,1,C,4.26,225468.91
2154.7,1,1,59,0,A,14.36,249228.4
1604.4,5,2,53,1,B,8.15,206441.38
1725.6,1,1,7,1,C,26.01,135802.36
1514.6,3,2,26,1,B,6.73,219217.47
739.3,2,1,44,0,B,13.76,57753.53
1248.8,5,4,35,1,C,25.08,124639.47
1075.8,2,2,11,1,A,19.42,158654.73
900.1,4,2,21,1,B,12.66,112553.7
1321.9,1,1,22,0,C,11.03,111370.4
2330.0,3,2,17,1,A,7.29,355655.13
1782.2,5,3,57,0,B,7.18,223070.39
2316.2,5,3,12,1,B,1.69,332702.3
1964.4,2,1,42,1,C,6.19,184294.51
2113.0,2,1,54,1,C,5.17,204037.79
1439.6,3,2,47,1,C,5.06,152729.36
2009.6,3,2,47,1,A,1.0,315381.37
2091.5,3,2,9,1,B,3.32,292542.01
1569.3,1,1,7,0,C,9.35,134606.02
2023.8,4,3,46,0,B,4.05,265569.78
2026.5,2,1,44,1,B,6.27,242581.63
1580.2,2,1,44,1,A,2.35,233870.59
1350.9,5,3,25,1,C,2.49,163752.31
1326.3,4,3,31,1,A,1.0,241980.23
1834.6,2,1,0,1,B,9.45,255966.81
1930.8,5,3,17,1,C,1.0,232324.04
1483.0,2,1,31,1,C,1.89,144303.23
1810.6,3,2,7,0,C,1.52,204979.61
2028.2,2,1,7,0,B,4.73,246704.44
2047.3,1,1,2,0,A,2.08,307048.12
2420.8,3,2,12,1,B,15.11,297205.37
2310.8,3,1,59,1,A,4.01,353332.16
1399.5,5,4,41,1,C,3.68,166156.36
2473.4,2,1,56,0,B,6.15,291492.74
1587.6,5,4,15,1,B,5.44,236647.73
2217.9,4,3,35,0,A,1.0,349455.61
1827.2,1,1,53,1,B,15.66,203441.45
1635.1,4,2,21,1,C,4.49,188673.65
1076.9,3,1,39,1,B,14.2,148051.28
1731.4,2,1,41,0,A,12.88,216320.09
1176.2,3,2,49,1,A,4.69,190092.48
2186.9,2,1,58,1,B,7.33,273829.12
2406.7,4,2,36,1,A,1.0,375828.02
1481.2,3,2,34,0,C,1.0,137821.12
1920.8,3,2,52,1,B,1.84,241865.21
1509.8,2,1,41,1,A,7.96,225044.92
1548.6,2,1,21,1,B,5.22,184800.48
2109.8,3,2,37,1,B,15.14,259369.78
1784.6,3,2,32,1,A,5.13,289539.42
2495.9,2,1,13,1,B,2.55,344045.41
1607.1,3,1,30,1,A,7.62,258386.26
2199.7,2,1,37,1,B,2.08,280947.22
1839.0,3,2,54,0,C,4.88,187930.49
2118.3,1,1,34,1,C,13.85,195382.08
1621.1,3,2,9,0,B,18.29,182849.87
1780.2,4,3,59,1,B,1.0,232675.12
1753.8,5,3,34,1,A,8.33,290451.12
1465.6,4,3,17,1,B,14.75,199460.0
2064.8,4,2,45,1,A,1.0,338086.08
2060.1,1,1,23,1,B,4.67,233010.92
2037.4,2,1,22,1,A,1.3,318068.68
2414.8,4,3,50,0,C,4.23,242931.69
2379.7,5,4,52,1,C,20.97,239583.15
1650.0,3,2,31,1,B,1.98,243808.61
1949.2,5,4,22,1,B,4.65,290457.74
1550.6,2,1,51,1,A,12.42,196969.96
1809.3,1,1,10,0,B,3.15,200643.8
1560.1,1,1,44,0,A,1.72,216594.29
2448.0,3,2,35,1,A,8.26,361796.08
1945.5,4,2,51,1,B,3.97,265685.89
1712.8,2,1,25,1,B,6.4,230198.97
2277.4,4,2,49,1,B,5.69,278971.54
931.8,4,2,0,1,B,1.0,172349.39
994.4,2,1,45,1,A,22.54,118228.9
2118.3,2,1,4,1,A,4.65,344868.43
1824.2,4,3,38,1,B,2.48,235985.47
1900.2,4,2,11,0,B,4.53,246927.74
1269.4,1,1,57,1,A,2.51,163363.22
1790.7,2,1,46,1,B,4.87,223372.71
2601.4,3,2,6,1,B,6.77,348762.3
2129.7,3,2,53,1,B,1.0,249082.66
1867.9,1,1,15,1,C,17.45,164780.82
1624.4,5,2,32,1,B,1.0,249932.61
1642.2,2,1,5,1,B,1.2,229641.54
948.3,2,1,6,0,B,21.54,90187.28
1903.1,1,1,14,1,B,4.36,236996.26
2138.2,5,2,32,1,A,23.59,299498.28
1169.8,2,1,32,1,A,1.84,187863.35
1535.4,5,3,51,1,C,5.54,174658.21
1337.0,3,1,9,0,A,3.71,219167.78
1413.9,5,3,44,1,B,3.57,217497.04
1821.4,1,1,0,1,B,16.96,213498.99
966.2,1,1,17,1,B,1.81,142785.34
2045.7,5,4,10,1,C,3.36,243257.26
2101.5,5,3,7,1,B,1.0,302244.8
1699.6,3,2,35,0,A,12.93,238266.84
807.7,1,1,54,0,B,1.0,82189.79
1401.4,5,2,40,0,B,1.0,201141.22
2293.2,2,1,51,1,B,1.85,269325.76
688.8,5,2,35,1,B,9.54,128976.18
1661.0,5,4,3,1,B,9.11,261704.7
1328.0,5,3,20,1,B,7.55,201371.35
2121.8,4,3,49,1,C,29.29,177474.03
1530.0,4,2,2,0,B,11.74,211887.94
1961.6,3,2,5,1,B,3.58,263702.46
2026.2,1,1,50,1,A,4.83,306396.28
2534.5,2,1,3,1,A,2.8,393503.65
1718.8,4,2,57,1,B,16.16,219634.64
1950.4,5,3,45,1,B,11.57,256561.73
1206.0,3,2,39,1,B,2.84,184353.15
2276.2,4,3,32,0,B,4.82,287143.81
1495.8,1,1,5,0,A,2.45,222305.95
1575.7,3,2,24,0,B,5.78,207581.07
1791.1,3,2,48,1,C,2.62,194367.85
1174.8,5,2,54,1,B,13.34,163301.87
1891.5,2,1,26,1,B,12.71,219678.41
2187.0,2,1,50,1,C,11.59,201062.67
1917.2,2,1,46,1,A,10.44,279108.11
1164.4,1,1,3,1,B,1.05,157088.22
1750.5,3,1,37,1,C,1.0,192571.13
2096.8,4,3,36,1,B,21.34,250738.35
1048.8,5,2,32,0,A,17.66,151503.71
1370.1,5,3,46,0,C,7.36,146199.19
2150.6,1,1,53,1,A,4.73,292264.84
1908.0,2,2,33,1,B,5.84,239173.49
1964.8,2,1,19,1,A,13.01,284963.35
2543.8,2,1,58,1,B,10.49,290241.75
1987.4,5,3,57,1,B,4.75,286212.33
2063.2,1,1,41,1,B,3.3,258581.27
2884.3,1,1,38,0,C,1.5,272596.65
1714.5,5,4,6,0,B,11.08,232947.42
1480.8,5,4,24,1,B,1.0,230461.4
1971.1,2,1,11,1,C,1.46,231034.11
1975.6,2,1,30,0,C,11.12,166558.58
1589.3,3,2,49,0,A,5.91,227205.03
1387.0,3,2,13,0,A,1.72,232222.05
2723.9,5,2,59,1,B,1.0,357259.3
1930.7,3,2,7,0,C,25.04,159668.52
1507.1,1,1,5,0,B,1.07,181356.36
2166.4,3,2,58,1,A,1.12,327815.03
1756.3,3,2,6,1,B,1.97,245735.53
1698.8,3,2,44,1,B,8.94,226265.07
2024.9,3,1,45,1,B,8.57,247265.66
1283.2,5,4,19,1,C,2.41,166489.74
1941.1,5,2,3,1,B,2.36,292780.31
2565.2,2,1,18,1,B,4.15,333204.97
1986.5,2,1,4,1,B,10.95,247032.52
1649.5,4,3,40,1,B,6.67,235618.12
1597.2,3,1,53,1,B,8.88,178682.22
1635.9,3,2,59,1,B,4.91,217706.27
1698.4,1,1,48,1,B,5.49,196731.36
1648.9,2,1,46,0,B,1.0,193385.16
2166.5,4,3,52,1,B,6.68,275690.15
1106.7,5,3,46,1,A,1.0,201088.65
2144.8,4,3,39,1,B,23.84,235535.59
1648.1,2,1,59,0,B,5.13,171385.84
1950.8,1,1,19,1,B,5.66,247155.13
1349.2,1,1,24,1,B,19.81,128663.06
2331.5,2,1,54,0,A,15.0,277038.88
2298.3,3,1,18,1,C,7.46,227601.86
2183.8,5,3,17,1,C,7.84,242458.79
1194.1,5,4,9,1,B,2.67,204994.94
2131.6,1,1,16,0,B,4.19,251120.5
1961.9,4,2,35,1,B,1.0,283259.11
1157.9,2,1,53,1,B,3.35,154233.89
1790.3,1,1,8,0,C,1.67,196447.61
1945.8,3,2,40,0,A,6.75,264551.74
2022.4,1,1,45,0,A,1.0,268871.1
1870.9,2,1,53,1,B,8.45,224099.23
1916.5,3,1,45,1,A,7.48,279271.42
2389.4,2,1,9,1,B,14.04,298757.95
2290.4,3,2,29,0,B,5.35,285728.11
653.2,3,1,57,1,A,11.59,100639.11
1673.0,4,2,54,0,B,10.57,205053.68
1734.1,1,1,36,1,B,2.26,224184.74
1099.2,1,1,57,1,C,6.46,90662.81
1837.7,3,2,40,1,B,16.74,215065.99
2299.5,2,2,3,1,A,6.21,360581.5
1365.4,4,3,54,1,B,3.61,176559.94
1934.6,1,1,10,0,B,14.15,226563.91
1433.7,3,2,22,0,B,1.08,200343.79
1531.2,5,3,14,1,B,1.89,239512.29
2391.0,1,1,43,0,A,1.0,344743.8
1583.0,2,1,1,1,B,1.0,217153.55
1984.9,5,3,38,0,B,2.55,250714.14
1051.5,3,2,51,1,A,3.83,180490.35
2544.9,1,1,47,1,B,13.78,269539.19
2041.1,2,1,18,1,C,28.43,170090.18
1727.0,4,3,53,1,B,11.86,221083.15
2030.2,5,4,21,0,A,2.21,350294.17
1236.1,2,1,40,0,B,1.0,155812.68
2273.0,3,2,30,1,A,25.05,313797.24
1670.4,4,2,4,1,B,5.98,248995.8
1718.4,1,1,0,1,B,6.58,213135.6
1603.3,2,1,10,1,A,24.86,211355.86
1567.7,4,2,56,1,B,16.06,169944.23
2077.9,1,1,57,0,C,4.78,195041.4
1902.4,4,3,24,1,A,20.37,271029.28
2060.7,3,2,58,1,C,1.0,208762.73
1796.5,5,3,2,1,B,1.0,269389.11
2005.3,1,1,58,1,B,1.0,230331.93
1632.5,5,3,13,1,A,1.45,307919.35
2691.9,2,1,2,1,A,9.15,402389.89
1172.8,1,1,45,1,A,11.12,160244.79
2304.4,4,2,22,0,B,1.0,307794.0
2347.2,3,2,17,1,C,8.21,239964.64
1459.1,5,3,45,1,C,6.48,166380.35
2691.7,1,1,19,1,A,3.91,412626.49
2198.2,1,1,45,0,A,2.72,307712.06
2188.5,3,2,11,1,A,4.18,345907.54
1811.2,5,2,5,1,C,13.61,195290.27
1713.1,3,1,19,0,A,1.49,271250.23
1716.2,4,2,36,0,A,9.26,257253.14
1956.2,5,3,13,0,B,1.0,270741.65
2360.5,5,4,8,1,B,14.53,332695.75
1872.5,3,1,44,1,A,2.56,280991.06
1435.4,4,3,29,0,B,2.02,213758.49
2129.8,3,2,25,1,A,1.0,353381.49
2168.5,4,3,14,1,A,5.76,353120.0
2061.9,3,1,1,1,A,10.95,317548.29
2098.2,3,2,3,1,B,4.7,284427.5
1691.6,3,2,40,1,C,1.0,185595.13
1428.4,4,2,4,1,B,15.13,194113.32
1452.7,4,2,14,1,B,5.95,200962.62
1145.8,5,4,54,1,B,1.0,169555.17
1894.8,4,3,20,1,B,5.88,273109.57
1766.6,1,1,44,1,C,1.0,175657.94
1624.0,3,2,20,1,B,28.95,177027.49
617.8,2,1,55,1,C,8.14,55792.31
1301.1,1,1,49,1,B,1.0,151439.57
2248.3,1,1,28,1,B,15.57,254508.1
1534.1,3,2,41,1,A,2.0,275698.89
1944.2,5,4,24,1,B,5.25,297560.53
1243.7,3,1,56,0,B,2.75,141860.92
2375.5,3,2,21,0,C,1.0,240012.57
1742.4,1,1,50,0,C,1.0,127464.94
1916.0,4,2,36,1,B,9.15,261314.85
2730.3,1,1,38,1,C,2.1,273815.72
2406.6,5,4,21,1,C,3.14,272175.77
1677.4,5,2,49,0,B,10.99,190479.86
1562.7,5,3,44,1,A,3.03,263807.93
1669.8,2,1,48,1,A,7.7,240813.02
2004.0,1,1,48,1,A,21.23,241527.55
1757.9,2,1,9,1,A,9.1,276004.39
1641.9,4,3,52,1,C,1.69,184579.61
2386.9,2,1,50,0,A,2.04,343686.83
1754.3,5,2,14,1,B,7.96,256290.53
2719.8,1,1,58,1,B,1.33,331013.03
1836.3,1,1,31,0,B,10.24,176485.75
2514.1,2,1,19,1,A,40.0,285490.88
1942.9,4,2,13,1,B,3.2,273600.04
2185.2,4,2,21,1,B,5.03,309467.46
1510.2,2,1,2,1,B,12.79,209444.8
1458.5,4,2,41,1,A,1.0,249781.11
1983.9,4,3,42,1,B,15.41,242133.44
2195.4,3,2,40,1,A,9.74,308017.89
1816.1,3,2,32,1,B,2.03,255513.58
1285.4,1,1,21,1,B,6.37,153510.34
1255.9,2,2,43,0,A,6.2,200942.18
1229.1,3,1,52,1,C,3.3,119723.05
1093.0,1,1,5,1,A,40.0,113037.72
1843.8,3,2,22,1,C,11.81,195993.28
2250.0,1,1,59,1,C,12.07,185202.54
1794.6,4,2,51,1,B,5.2,238771.45
895.8,1,1,59,1,B,10.66,92401.17
1723.7,1,1,10,0,A,12.21,226262.98
1734.9,4,2,27,0,C,1.44,195424.88
2638.4,2,1,7,1,B,2.73,351812.11
1217.1,2,1,51,1,A,2.8,187114.61
1643.7,2,1,31,0,B,5.78,191025.13
2482.3,2,1,14,0,A,10.63,336993.01
1980.0,4,2,5,0,B,1.31,273701.99
2025.3,4,3,44,1,B,15.16,254489.16
1845.8,2,1,48,1,A,6.4,246084.94
1932.0,4,2,52,1,C,7.38,200156.31
2111.0,4,2,58,0,A,14.48,283867.03
1476.2,3,2,48,0,B,8.64,156894.72
2151.2,3,2,47,0,B,1.2,262915.76
1250.8,5,3,48,1,C,6.4,143517.29
1931.3,3,2,59,0,B,3.15,249257.97
1871.5,2,1,27,1,C,16.07,174149.25
1553.5,3,1,45,1,B,7.87,202528.94
1790.9,5,3,49,1,C,14.61,183770.32
1551.0,4,3,6,1,A,2.45,269520.54
1371.3,1,1,41,0,B,6.68,150417.67
1658.6,3,2,20,1,A,7.73,260491.86
1358.4,4,2,7,1,C,18.33,140527.64
1929.1,2,1,10,1,C,6.64,188846.8
1340.0,5,4,6,1,B,9.1,215318.01
2084.8,5,3,53,1,B,6.2,291931.67
1327.4,5,3,46,1,B,4.67,206277.14
1573.5,1,1,6,1,A,1.39,269102.66
1550.2,3,2,37,1,B,3.25,227300.94
2330.1,3,2,39,0,B,3.75,266157.42
1932.1,4,3,31,0,B,20.35,210709.03
1715.3,5,3,36,0,A,6.36,258050.02
1999.5,2,1,54,1,C,4.54,198201.65
957.1,3,2,31,1,A,2.01,166269.78
1782.7,4,2,39,1,B,5.89,234750.81
2599.0,4,3,34,0,A,2.4,402326.73
1852.9,4,2,23,1,A,9.97,301310.43
1827.2,2,1,53,1,A,4.05,249938.67
2019.3,5,4,24,1,B,19.5,253724.59
2158.2,1,1,47,1,B,1.21,261081.59
1001.0,3,1,36,1,B,11.51,135085.3
1127.1,4,3,41,1,B,12.02,152449.91
1884.1,1,1,45,1,B,1.0,221677.38
1514.0,3,1,44,1,A,4.3,212614.05
2324.8,3,2,33,0,A,6.18,350477.68
1673.9,4,3,36,1,B,1.0,235512.31
1026.2,1,1,30,1,B,1.0,122668.16
1292.8,2,1,20,1,B,1.0,161975.57
700.1,2,1,43,0,A,1.0,83427.65
1706.3,4,2,52,1,C,2.22,175450.31
1724.6,2,1,42,1,A,26.91,199370.64
1630.2,3,2,46,1,B,6.35,196832.72
2231.6,4,2,49,1,A,7.43,344374.16
2279.4,4,3,22,1,B,1.0,320064.47
1731.8,1,1,3,0,B,8.88,223773.59
946.1,5,3,20,1,B,3.81,148864.8
2046.9,1,1,45,0,A,40.0,188970.21
2022.1,1,1,48,1,B,5.08,238232.32
1923.8,1,1,30,1,A,15.97,243987.6
2192.6,2,1,46,0,B,2.24,257583.34
1334.1,5,3,4,0,A,11.83,235001.76
2603.5,2,1,38,1,A,5.48,383126.53
1416.2,4,3,40,1,B,1.37,223044.33
2099.7,3,2,30,1,A,7.02,304538.88
1125.1,1,1,42,0,A,1.76,139757.04
1427.9,3,2,29,1,C,1.91,176367.04
2406.5,1,1,31,1,C,35.13,193940.04
1695.6,3,2,36,1,C,4.08,186455.37
2136.0,3,2,47,0,B,8.83,261483.28
1894.8,3,2,14,1,B,2.77,244664.96
1758.0,2,1,18,1,B,16.14,213639.93
2345.5,4,3,25,1,A,2.63,401501.05
1705.3,3,1,12,1,B,16.24,203564.06
1087.7,2,1,20,1,A,26.89,149586.17
1478.7,3,2,21,1,C,11.65,156083.34
2020.5,1,1,18,1,B,10.94,217657.58
1958.2,5,2,24,1,B,13.94,263914.17
1173.2,4,3,30,1,B,1.18,178213.47
1510.3,2,1,41,1,A,14.28,213462.3
1567.3,4,2,18,1,B,4.47,232616.53
1653.8,4,2,50,1,B,6.33,211823.03
1249.6,4,2,28,1,B,4.82,198345.14
1548.7,1,1,43,1,B,18.54,164661.09
1508.6,5,4,6,1,A,3.29,287463.5
2108.6,5,4,10,1,B,3.79,313939.5
2123.6,5,3,27,1,B,18.38,279745.31
1741.7,5,3,21,1,A,1.93,313930.78
1643.2,5,3,29,1,C,8.41,185351.61
1856.0,4,3,9,1,B,4.18,272221.37
1473.4,1,1,28,0,B,6.92,151308.6
1341.3,3,1,41,1,C,3.25,120030.96
1423.9,2,2,43,1,B,10.58,171596.97
1546.1,2,1,14,1,C,1.0,150134.18
1334.6,5,3,20,1,B,12.83,184554.47
1864.8,5,3,31,1,B,2.01,256551.24
2091.9,3,2,31,1,A,8.76,303912.59
1165.2,4,2,47,1,A,4.06,202509.5
1810.1,1,1,23,1,B,8.69,214106.81
1712.0,2,1,40,1,A,24.74,203763.64
1936.6,5,3,53,1,A,8.05,298592.17
1794.8,3,2,17,1,B,16.35,216611.66
1218.6,3,2,49,1,B,3.12,168242.98
1295.0,3,1,19,1,A,12.75,196777.02
1811.8,2,2,20,1,B,2.12,252396.85
2211.5,5,3,39,0,C,8.02,237520.97
914.3,4,3,37,0,B,12.47,110757.31
1938.3,4,2,32,1,B,1.0,253072.38
2275.8,2,1,13,0,B,4.46,271114.42
1738.8,4,3,5,1,A,3.9,311443.64
2020.1,5,3,54,1,B,8.89,259870.21
1518.8,4,2,52,0,C,4.5,140849.47
1752.3,3,2,53,1,B,14.4,204676.7
1151.6,2,1,30,1,B,9.87,163762.99
862.3,3,2,53,1,C,13.83,73771.06
2177.1,2,1,28,1,A,4.54,328981.33
1406.0,4,2,4,1,B,11.46,187673.84
1617.8,1,1,11,0,B,2.19,209685.38
1245.4,1,1,16,0,A,40.0,98088.36
1236.0,4,2,22,1,B,2.3,197785.65
1730.5,2,1,56,1,C,5.92,176648.27
1508.2,3,1,19,1,B,15.83,179553.83
1951.2,3,1,36,1,A,6.45,293657.93
1981.0,3,1,16,0,B,3.74,268340.03
1928.3,4,2,38,1,A,11.22,302674.85
1895.4,2,1,34,1,C,1.42,172703.25
2431.1,4,2,9,1,A,1.18,414804.31
1373.0,2,1,27,1,C,4.32,137077.5
1778.0,2,2,6,1,B,15.16,230034.49
2253.1,3,2,53,0,B,10.0,261942.35
2305.8,5,2,42,1,B,6.67,289943.76
1231.3,2,1,56,1,A,1.91,185022.04
1675.1,3,2,52,1,B,6.11,213896.89
2343.2,1,1,13,1,C,6.49,235401.19
2003.2,1,1,42,0,C,4.93,183782.38
1878.1,4,2,6,1,A,3.19,342543.37
1712.9,4,2,57,0,B,3.26,216668.52
1646.5,2,1,47,0,C,1.0,154691.03
1915.3,4,3,40,1,C,3.61,223174.25
1699.1,2,2,59,1,B,8.99,219841.3
1783.0,2,1,50,1,A,1.87,274616.83
1831.4,3,2,51,0,C,1.0,183080.25
1528.8,2,1,6,1,B,6.41,207958.23
2012.9,5,3,1,1,B,12.8,288006.73
2965.7,3,2,57,1,B,1.0,374568.93
1089.2,2,1,15,1,A,1.48,209154.7
1929.6,3,1,25,1,C,6.68,192264.16
1495.9,4,3,2,0,A,19.52,235310.17
2031.0,2,1,37,1,B,6.83,246291.61
1818.6,5,4,49,1,C,5.84,190836.24
2104.7,3,2,50,1,C,37.26,159759.18
2270.2,4,3,34,1,C,17.67,220198.74
1877.0,5,3,39,1,C,4.3,219481.48
2252.8,3,1,30,1,A,23.33,304123.97
862.3,1,1,26,0,C,10.93,55065.18
2436.2,4,2,33,1,C,3.11,276011.87
1950.0,1,1,56,1,B,1.39,242131.3
2231.1,3,2,15,1,B,1.84,321424.47
1312.0,5,2,28,1,A,4.46,241796.53
1467.7,3,1,36,1,B,1.3,199175.41
1858.4,4,2,34,1,B,24.68,220689.03
1793.2,3,1,1,1,B,2.38,248143.04
1913.2,2,1,17,1,B,20.39,217598.82
2233.8,2,2,38,1,B,8.52,271259.9
1093.9,3,1,41,1,A,19.63,123992.19
2189.5,1,1,44,1,C,1.0,214669.21
1803.3,3,2,59,1,A,6.36,263411.8
1718.5,3,2,40,0,A,1.98,257083.99
1211.6,5,3,34,1,A,33.26,161867.25
2001.2,1,1,19,1,C,16.99,192458.72
834.4,5,3,22,1,C,2.59,114665.05
2059.4,3,2,49,1,A,25.57,261220.09
1203.2,4,3,28,1,A,10.85,197162.99
1821.4,3,2,42,0,B,7.66,207943.3
1752.3,2,1,7,1,A,15.38,248488.75
2267.8,5,3,7,1,B,7.03,322611.31
1728.5,2,1,12,0,A,14.71,237468.4
1522.3,1,1,11,0,B,8.63,176116.85
1597.4,4,3,36,1,B,1.0,223114.5
2309.2,4,2,38,1,B,4.17,319692.8
2014.5,5,3,33,1,B,6.94,290804.31
1645.7,3,2,17,0,A,8.84,237370.09
1705.4,1,1,34,1,A,1.6,267183.82
1173.1,1,1,7,0,A,11.14,156870.16
1955.4,3,2,28,1,A,7.69,303544.17
1096.1,2,1,9,1,C,13.72,112048.44
2100.7,5,3,4,1,A,15.68,346216.88
1851.4,1,1,9,1,B,19.38,212357.46
2754.8,5,3,6,1,A,4.03,469287.45
1359.9,2,1,28,0,B,4.13,158565.13
1758.9,1,1,32,1,C,14.31,135297.33
2519.3,2,1,36,1,B,1.0,323589.64
2276.6,1,1,26,1,B,6.67,271112.25
1521.5,3,2,10,1,C,1.51,186621.79
1889.6,2,1,1,1,B,3.32,260424.88
1800.8,3,2,42,1,C,29.36,144830.09
1912.8,3,2,58,0,B,1.67,241430.17
1520.5,1,1,16,1,A,1.61,241144.06
1764.3,1,1,12,0,B,9.13,202088.66
1160.8,1,1,18,1,A,1.0,186171.08
1854.0,1,1,12,1,A,1.0,307818.67
1980.0,1,1,13,1,C,12.32,180436.36
1709.0,2,1,29,1,A,12.15,239506.68
1154.0,3,2,47,0,B,2.65,131295.62
2195.4,2,1,42,1,C,11.04,212355.15
1945.8,2,1,57,0,B,7.02,206144.8
1509.6,3,2,21,1,B,1.0,212950.92
1687.8,3,1,29,1,B,1.0,224861.81
1199.7,2,1,22,1,C,9.55,120515.7
1389.8,2,1,2,0,A,2.87,204735.92
1584.9,3,2,23,1,A,5.05,238672.62
2291.4,1,1,15,1,B,1.0,298041.24
1544.2,3,2,28,0,C,7.68,130812.19
2056.1,5,3,9,1,A,5.63,369698.81
1584.7,2,2,44,1,B,7.5,209751.96
1899.2,1,1,50,1,C,2.19,179567.08
1743.4,4,2,57,0,A,1.0,277850.55
2149.2,1,1,5,1,A,1.18,337009.23
1586.1,1,1,7,1,B,11.36,208098.08
1171.0,1,1,57,1,A,22.07,110502.1
1247.2,5,2,50,1,A,1.5,200360.9
1587.2,5,2,35,0,B,18.3,185572.56
1300.4,3,2,19,1,B,8.17,196281.09
1964.1,4,2,31,1,B,26.37,229790.0
1613.7,4,2,32,1,B,1.0,227489.9
2749.8,4,3,50,1,B,8.55,353178.6
1104.9,3,2,31,1,B,10.61,154588.74
1881.5,5,2,1,1,C,1.07,229656.2
1348.8,4,2,41,1,B,1.17,222282.92
1602.6,1,1,46,1,B,3.83,184490.72
1856.6,2,1,17,1,C,5.47,201501.55
869.9,5,4,6,1,C,10.67,131648.17
1894.7,3,1,8,1,A,9.82,290282.0
2561.2,2,1,50,1,C,12.31,230724.84
1618.6,5,3,26,1,C,10.97,193620.54
1903.9,4,2,31,1,B,1.92,267574.27
2210.0,3,2,57,1,A,31.69,270148.68
1734.4,3,2,3,1,B,2.49,234294.06
1567.6,1,1,12,1,B,7.03,202610.03
889.7,2,1,49,0,B,7.82,90506.06
2056.4,3,2,32,0,B,15.1,233932.32
1754.7,5,2,1,1,A,15.37,296803.29
1394.9,2,2,42,1,A,4.67,209568.92
1850.6,1,1,8,1,C,9.1,176385.88
1566.5,3,2,46,1,A,1.0,251961.16
1588.6,5,4,47,1,B,1.82,233846.84
2042.5,3,2,49,1,A,1.0,342927.67
1264.6,2,1,27,1,B,5.07,173245.69
2218.9,4,2,16,0,B,12.92,264750.98
1240.9,4,3,52,1,A,3.26,234444.16
1534.9,2,1,33,1,B,8.34,182682.01
2569.2,5,2,38,1,B,3.78,347033.69
2250.9,3,2,8,1,A,15.45,350017.89
1839.0,1,1,37,0,B,12.95,169579.1
1423.8,3,2,34,0,B,17.81,149871.67
1588.3,5,2,17,0,B,1.84,222691.43
1829.3,2,1,46,1,B,2.56,229456.67
1815.0,3,1,8,1,B,1.0,259501.61
1763.7,4,2,43,1,A,1.08,293194.99
1787.7,4,2,57,0,A,2.26,266970.87
1714.2,5,2,34,1,B,15.26,233848.49
1223.2,1,1,6,0,B,10.96,137870.71
1593.4,3,2,33,1,C,5.23,171011.75
2165.8,3,2,31,1,A,9.86,329902.75
1252.7,1,1,33,1,B,10.21,159755.23
1724.2,4,3,16,1,B,13.78,235067.43
1472.1,1,1,37,0,A,2.71,193722.43
1844.5,3,2,15,1,B,1.0,241754.83
1644.5,2,1,33,1,B,6.64,189224.89
2391.0,1,1,35,1,A,4.84,340605.93
2002.6,5,3,38,1,B,2.82,284600.25
1275.3,2,1,47,1,A,8.09,173675.13
2068.5,2,1,52,0,C,5.12,189897.83
1490.1,5,3,46,1,A,13.36,233225.21
1569.2,5,2,47,1,A,4.22,256489.94
1925.5,1,1,52,0,A,1.01,265373.53
1603.3,2,2,14,1,A,1.0,282969.29
2157.1,4,2,17,1,A,2.61,351502.3
1490.2,4,2,31,1,B,4.01,214743.27
1552.4,5,2,27,0,A,14.97,212376.56
1537.5,3,2,42,1,A,4.68,229004.67
1573.7,1,1,0,1,A,5.36,241466.87
2239.7,5,4,8,1,B,1.81,347492.09
2051.5,1,1,44,0,A,13.81,243677.89
2484.0,1,1,49,1,B,12.18,269049.73
2707.1,4,2,18,1,B,32.77,307674.22
1387.7,4,2,18,1,B,15.39,184108.27
1828.2,1,1,33,0,A,22.04,198314.29
1329.5,1,1,28,1,C,1.0,157096.12
1489.0,3,2,10,1,B,14.41,191204.75
1548.0,2,1,30,1,A,1.0,246843.1
1377.1,4,2,49,1,B,40.0,113738.77
1379.2,3,2,43,0,B,4.8,172806.27
1742.3,3,2,49,0,B,1.33,228267.81
1313.3,3,2,38,1,B,1.12,202000.16
2136.9,2,1,52,1,B,21.12,216568.8
1432.9,2,2,14,1,A,6.53,242467.5
2923.8,4,2,2,1,C,1.0,329384.26
1619.4,3,1,6,1,A,11.83,263746.77
1828.8,3,1,59,1,A,11.68,251801.41
1281.9,3,2,38,1,A,5.95,204428.88
2482.4,2,1,14,1,B,1.71,332837.81
2247.8,5,3,51,1,C,1.77,258101.23
1918.8,3,2,18,1,C,3.75,225863.96
1261.3,4,2,35,1,C,6.24,144688.64
1884.3,5,3,14,1,B,30.88,226283.01
1351.4,5,3,5,1,B,8.09,188885.46
2384.9,4,2,16,1,B,1.93,315227.39
2123.7,4,2,13,0,A,7.62,326174.51
1838.2,3,1,33,1,C,26.48,145080.62
825.4,4,2,1,0,B,1.93,144842.87
1406.6,2,1,14,1,B,1.74,181225.51
2075.1,4,3,34,0,B,1.0,271999.49
2285.2,1,1,23,1,B,7.0,272095.0
2243.7,5,3,38,1,A,1.0,393935.61
1163.2,2,1,39,0,B,40.0,55000.99
1920.6,4,3,57,1,B,18.18,232135.78
2206.2,1,1,50,1,C,1.21,214224.34
1136.7,1,1,13,1,A,2.19,193260.45
1796.8,5,2,41,1,A,2.4,314891.82
1909.5,5,2,37,1,B,1.0,273310.03
1679.7,2,1,35,1,C,13.08,138155.95
1059.1,1,1,47,1,C,12.06,83657.93
1669.7,5,4,8,1,B,2.49,266182.12
1669.1,5,3,22,1,A,11.95,285316.36
1740.8,1,1,48,0,A,8.76,209082.83
1574.6,4,2,53,1,B,3.16,224546.73
1622.8,2,1,2,0,A,4.92,246019.45
1784.1,4,2,28,1,B,26.07,195743.81
1977.0,3,1,15,1,C,25.61,173430.7
1678.2,1,1,10,1,B,15.0,213676.36
1636.1,2,1,3,0,B,2.48,217514.95
1836.9,3,2,32,1,A,7.28,297122.82
1031.6,4,2,40,1,A,20.7,132857.34
1990.8,1,1,31,1,B,2.43,239654.78
1799.8,5,4,22,1,B,9.13,254898.92
1815.9,4,2,46,1,A,1.38,300813.47
2184.3,5,2,39,1,A,6.81,351049.34
1018.9,5,4,54,1,A,11.92,170808.54
1010.5,1,1,20,0,B,40.0,50000.0
1909.5,1,1,14,0,B,5.64,215914.72
1797.2,4,2,27,1,B,26.64,204089.91
1868.1,1,1,30,1,B,15.83,216647.9
1615.1,1,1,27,1,A,9.83,211246.17
2065.7,3,2,49,0,B,4.59,251676.06
2173.1,5,3,2,0,A,15.88,353419.93
1993.6,4,3,31,1,C,20.56,193849.73
1695.7,3,2,25,1,A,3.94,273220.79
956.9,1,1,12,1,B,6.84,132394.88
2107.7,2,1,38,0,A,8.24,276291.37
2288.7,4,2,48,0,B,24.79,242840.54
2057.8,1,1,32,1,A,5.57,286971.03
1448.1,3,2,5,1,C,8.71,143582.46
2069.5,1,1,4,0,A,33.58,229101.42
2144.2,2,1,25,0,C,18.47,170459.18
2423.5,2,1,40,1,B,1.38,303953.41
1449.6,4,3,18,0,A,8.56,244953.74
1709.4,5,3,18,1,A,23.55,281370.29
2098.9,1,1,51,0,B,5.44,229429.47
1823.0,4,2,0,1,C,9.28,215944.41
1353.1,4,3,4,1,C,23.97,143534.01
1965.8,5,3,9,1,A,6.95,341174.92
2031.5,5,3,59,1,B,13.28,238463.5
1835.2,1,1,29,1,A,1.0,294328.07
1887.8,4,3,9,0,A,8.4,292209.03
1696.5,3,2,18,1,B,1.98,253443.57
2391.3,1,1,58,1,B,9.92,271485.34
1439.7,2,1,41,0,A,2.91,191164.98
1565.1,5,4,13,1,C,1.84,205215.95
1804.4,3,1,14,1,B,6.28,262290.62
2151.6,2,1,4,0,B,12.65,267244.91
1201.1,2,1,46,1,A,19.31,137073.72
1275.9,5,4,8,1,C,2.07,168855.83
984.9,2,1,17,1,B,2.22,142248.46
1813.1,1,1,20,1,B,40.0,153914.23
1352.7,3,2,37,0,A,6.9,208823.86
1646.2,5,3,36,0,C,4.03,188588.57
2064.6,1,1,47,1,B,2.0,231325.39
1543.4,2,1,17,1,C,10.94,157244.68
1892.5,3,1,23,1,B,3.81,250200.56
1680.3,1,1,23,0,B,6.83,189837.79
2068.8,4,3,2,1,B,1.0,309750.92
1990.1,2,1,44,1,C,1.42,211959.98
1523.2,1,1,32,1,A,1.11,240864.13
1732.5,2,1,28,1,A,4.79,256890.23
2217.5,5,2,59,1,B,7.66,285691.09
1957.4,5,4,10,1,B,3.5,293404.2
1241.2,3,2,58,1,B,2.0,148118.76
2062.2,3,2,40,0,B,5.53,249312.11
1366.2,5,4,13,1,B,21.88,207127.19
2365.0,1,1,40,1,B,5.79,263106.85
2209.6,4,3,45,1,B,2.19,300042.71
1916.0,4,2,21,1,C,2.81,216069.16
1862.9,4,2,20,1,A,4.15,317574.51
1716.4,2,1,50,0,B,1.0,190339.2
2071.4,4,2,9,1,C,3.72,220648.48
1651.7,4,3,0,1,A,4.94,286599.36
1894.2,5,3,39,1,B,24.5,242117.17
2148.8,1,1,54,1,B,19.99,209037.97
1575.3,4,3,30,1,B,6.89,217255.11
1553.5,5,3,8,0,B,4.56,249354.04
1322.3,2,2,32,1,A,2.43,207236.34
1374.2,4,2,15,1,C,4.44,167841.64
1068.6,1,1,49,1,A,1.0,166322.55
2091.9,4,2,36,1,B,2.14,295912.54
2523.6,4,2,20,1,B,6.88,322749.2
2370.1,1,1,37,1,A,31.09,270959.79
1149.6,1,1,40,1,A,16.72,138025.77
2089.9,4,2,40,0,C,16.26,211508.89
2368.8,2,1,21,0,B,9.21,268734.34
1617.3,3,2,34,1,A,32.47,188434.82
1840.6,1,1,2,0,B,3.66,229747.81
996.8,5,3,24,1,B,1.1,181626.15
1906.7,3,2,22,1,A,1.63,323047.43
1374.6,5,3,32,1,B,1.0,208485.57
1879.9,1,1,57,0,B,5.33,194103.44
1175.5,2,1,57,0,A,13.74,129450.17
2017.1,4,3,28,1,C,4.27,237842.47
2209.8,4,2,38,1,A,13.49,329049.59
1486.7,4,2,6,0,A,6.62,244770.43
1345.2,5,3,28,0,A,2.22,227334.69
937.6,5,3,41,0,B,4.91,155829.58
1693.4,1,1,40,1,B,1.0,210754.78
1567.4,2,1,57,0,C,1.75,152440.46
1179.6,5,2,27,1,A,16.39,192635.49
1981.2,3,2,54,1,B,13.28,234027.95
1620.0,5,4,58,1,B,19.48,186447.81
1369.7,3,2,34,1,B,9.48,155894.65
1578.2,1,1,5,1,A,1.8,266051.08
2228.5,3,2,22,1,C,32.6,192959.93
2041.2,5,4,45,1,A,1.1,356356.82
1748.0,4,3,34,1,B,4.12,234021.34
2047.6,1,1,56,1,B,1.0,234686.4
1335.6,2,1,48,1,A,5.3,204645.65
1812.9,5,3,3,1,C,1.0,244644.45
1858.9,5,2,51,1,C,2.32,200138.49
1612.1,4,3,21,0,B,12.56,211539.77
1974.2,1,1,49,1,B,2.78,236734.05
1487.8,4,2,30,1,B,1.0,217333.9
2003.9,5,4,27,1,B,9.65,301182.02
2020.7,4,2,4,1,A,4.19,342404.84
633.1,3,2,7,0,B,2.1,114679.81
2276.1,3,2,35,1,B,5.91,296637.4
600.0,2,1,34,0,B,4.37,67093.75
1553.6,2,1,33,1,B,13.58,192485.82
2210.1,4,2,9,1,A,8.07,364792.25
1673.1,1,1,30,1,C,4.0,163653.94
1213.5,1,1,3,0,A,1.02,199900.76
1362.5,2,1,8,1,A,2.1,242060.23
2210.8,4,2,29,1,B,6.14,307522.04
1031.4,4,2,37,1,B,12.04,99316.83
2251.6,3,1,39,0,A,10.13,315708.37
1778.0,3,2,58,0,B,4.91,210661.16
1323.0,1,1,51,1,B,13.73,133449.04
1566.8,2,1,22,0,A,2.75,237105.32
1393.1,1,1,46,1,C,1.0,138744.15
2146.5,4,3,5,0,B,13.0,282852.45
2093.0,4,3,51,1,B,11.61,261764.13
1112.3,2,1,23,1,A,1.77,200320.83
1638.6,2,1,45,1,B,2.14,213636.28
1454.7,2,1,58,1,C,22.03,115429.11
2317.4,5,4,42,1,A,11.67,375445.19
1260.0,3,2,55,1,A,2.74,212223.87
2441.7,4,3,0,1,A,2.09,431215.54
1786.7,3,1,10,1,A,22.98,247803.06
1335.2,4,2,37,1,C,10.6,151930.29
1529.1,3,1,32,1,B,1.0,211231.36
1479.4,2,1,7,1,B,1.0,227191.56
1290.2,5,3,43,0,C,4.9,153786.55
1837.9,4,3,3,1,C,10.82,201271.96
1308.8,4,2,59,1,C,6.85,159987.5
927.9,5,4,9,1,B,4.07,152686.33
1648.1,2,1,26,1,B,14.38,198390.74
1078.9,1,1,49,1,A,7.07,135635.77
1499.1,3,2,30,1,B,11.22,210275.73
1436.4,2,1,44,0,B,1.0,171891.12
1451.5,3,2,42,1,A,11.01,208260.71
2600.4,2,1,56,0,B,14.83,272727.99
1822.6,2,1,27,1,B,20.49,193097.15
1898.1,2,1,58,0,B,4.35,208029.11
1089.4,2,1,31,1,A,13.35,146164.8
1538.4,4,2,53,0,B,1.35,189895.79
1886.1,3,2,43,1,B,12.51,231523.37
1390.2,3,1,7,1,B,1.0,209234.85
2163.2,1,1,38,1,B,18.14,222353.58
1318.9,3,2,52,1,A,13.01,169709.98
1685.5,1,1,7,0,A,1.12,254532.71
1565.6,2,1,50,1,B,2.43,199327.4
1865.7,3,2,6,1,A,1.0,328767.04
1543.8,1,1,52,1,B,9.9,172972.18
1691.6,2,1,47,1,C,18.5,158532.08
1705.5,2,1,9,1,A,8.62,272671.79
1506.2,5,3,43,1,B,2.67,250702.84
1994.0,5,2,7,1,B,5.01,321767.21
1895.4,1,1,34,1,B,23.72,173429.92
1764.6,4,2,55,1,A,16.42,228118.11
1627.8,4,3,12,1,A,12.79,270847.27
2118.6,2,1,10,0,C,12.8,200742.0
1705.7,3,2,25,0,A,40.0,174657.1
1677.3,4,2,22,1,B,2.8,248708.32
1841.9,2,1,2,1,B,13.52,226283.55
2478.6,1,1,27,1,A,1.22,364444.69
1263.9,2,1,15,1,B,3.78,167166.97
2107.9,2,2,7,0,A,4.78,317080.17
1042.7,2,1,16,1,A,1.55,188474.89
1886.9,2,2,1,1,B,6.72,248616.19
2430.0,1,1,54,1,C,9.31,216298.84
1995.5,5,3,59,0,A,10.73,297897.83
1868.3,1,1,22,1,A,13.99,253852.61
1575.8,4,2,52,1,C,5.91,177787.46
1812.4,4,2,27,1,A,6.64,288058.83
1699.2,4,3,54,1,C,2.06,176464.28
1485.6,5,2,10,1,B,21.71,197902.24
1684.0,1,1,17,1,B,3.57,218485.06
1879.4,2,1,44,1,B,1.0,228872.7
1493.1,1,1,13,1,B,4.77,204560.32
1477.5,3,2,49,1,A,7.09,244387.22
1255.9,4,3,25,0,C,23.22,104732.72
1956.3,5,2,24,1,C,1.88,242063.73
2018.1,2,2,27,1,C,7.81,179427.82
1892.7,2,1,47,1,B,4.82,240731.84
2186.1,5,4,0,0,B,1.0,311750.56
1835.1,4,3,45,1,B,5.46,258553.56
1956.8,4,2,46,0,A,1.0,292567.07
1921.5,3,1,49,1,B,10.81,227785.1
1763.4,3,2,59,1,B,1.0,221004.92
1587.7,2,1,46,1,B,5.33,190724.04
2685.7,4,2,31,1,B,4.44,373203.86
